Rk,Player,Nation,Pos,Squad,Age,Born,MP,Starts,Min,90s,Gls,Ast,G+A,G-PK,PK,PKatt,CrdY,CrdR,xG,npxG,xAG,npxG+xAG,PrgC,PrgP,PrgR,Gls,Ast,G+A,G-PK,G+A-PK,xG,xAG,xG+xAG,npxG,npxG+xAG,Matches
1,Max Aarons,eng ENG,DF,Bournemouth,25-071,2000,3,1,86,1,0,0,0,0,0,0,0,0,0,0,0,0,1,8,3,0,0,0,0,0,0,0,0,0,0,Matches
2,Joshua Acheampong,eng ENG,DF,Chelsea,18-315,2006,4,2,170,1.9,0,0,0,0,0,0,1,0,0.2,0.2,0,0.2,0,8,0,0,0,0,0,0,0.12,0,0.12,0.12,0.12,Matches
3,Tyler Adams,us USA,MF,Bournemouth,26-030,1999,19,13,"1,245",13.8,0,3,3,0,0,0,4,0,1.2,1.2,0.8,1.9,8,46,6,0,0.22,0.22,0,0.22,0.08,0.06,0.14,0.08,0.14,Matches
4,Tosin Adarabioyo,eng ENG,DF,Chelsea,27-173,1997,15,11,"1,086",12.1,1,1,2,1,0,0,2,0,0.9,0.9,0.2,1.1,5,30,1,0.08,0.08,0.17,0.08,0.17,0.07,0.02,0.09,0.07,0.09,Matches
5,Simon Adingra,ci CIV,"FW,MF",Brighton,23-074,2002,20,6,625,6.9,2,1,3,2,0,0,0,0,1.5,1.5,1.1,2.6,23,10,81,0.29,0.14,0.43,0.29,0.43,0.22,0.16,0.37,0.22,0.37,Matches
6,Emmanuel Agbadou,ci CIV,DF,Wolves,27-272,1997,7,7,600,6.7,0,0,0,0,0,0,2,0,0,0,0,0,1,15,0,0,0,0,0,0,0,0,0,0,0,Matches
7,Asher Agbinone,eng ENG,MF,Crystal Palace,19-169,2005,2,0,6,0.1,0,0,0,0,0,0,0,0,0,0,0,0.1,2,0,1,0,0,0,0,0,0.29,0.5,0.79,0.29,0.79,Matches
8,Ola Aina,ng NGA,DF,Nott'ham Forest,28-159,1996,29,29,"2,531",28.1,2,1,3,2,0,0,2,0,0.6,0.6,0.7,1.3,54,91,52,0.07,0.04,0.11,0.07,0.11,0.02,0.03,0.05,0.02,0.05,Matches
9,Rayan Aït-Nouri,dz ALG,DF,Wolves,23-283,2001,28,28,"2,381",26.5,3,5,8,3,0,0,6,1,1.9,1.9,2.6,4.5,63,91,138,0.11,0.19,0.3,0.11,0.3,0.07,0.1,0.17,0.07,0.17,Matches
10,Kristoffer Ajer,no NOR,DF,Brentford,26-333,1998,16,15,"1,205",13.4,0,0,0,0,0,0,4,0,0.7,0.7,1.2,1.9,25,48,38,0,0,0,0,0,0.05,0.09,0.14,0.05,0.14,Matches
11,Manuel Akanji,ch SUI,DF,Manchester City,29-240,1995,20,20,"1,707",19,0,0,0,0,0,0,3,0,0.7,0.7,0.4,1.1,38,135,6,0,0,0,0,0,0.04,0.02,0.06,0.04,0.06,Matches
12,Nathan Aké,nl NED,DF,Manchester City,30-026,1995,10,8,678,7.5,0,0,0,0,0,0,0,0,0.2,0.2,0,0.2,12,50,2,0,0,0,0,0,0.03,0,0.03,0.03,0.03,Matches
13,Carlos Alcaraz,ar ARG,MF,Southampton,22-106,2002,1,0,10,0.1,0,0,0,0,0,0,0,0,0.1,0.1,0.1,0.2,4,6,1,0,0,0,0,0,0.62,0.86,1.48,0.62,1.48,Matches
14,Carlos Alcaraz,ar ARG,"MF,FW",Everton,22-106,2002,6,3,317,3.5,1,1,2,1,0,0,2,0,0.9,0.9,1.1,2,8,17,8,0.28,0.28,0.57,0.28,0.57,0.25,0.32,0.57,0.25,0.57,Matches
15,Trent Alexander-Arnold,eng ENG,DF,Liverpool,26-160,1998,28,26,"2,145",23.8,2,6,8,2,0,0,4,0,1.6,1.6,6.7,8.3,48,204,87,0.08,0.25,0.34,0.08,0.34,0.07,0.28,0.35,0.07,0.35,Matches
16,Alisson,br BRA,GK,Liverpool,32-165,1992,21,21,"1,878",20.9,0,0,0,0,0,0,0,0,0,0,0.6,0.6,0,0,0,0,0,0,0,0,0,0.03,0.03,0,0.03,Matches
17,Miguel Almirón,py PAR,FW,Newcastle Utd,31-034,1994,9,1,157,1.7,0,0,0,0,0,0,0,0,0.5,0.5,0.3,0.8,3,6,18,0,0,0,0,0,0.3,0.15,0.45,0.3,0.45,Matches
18,Edson Álvarez,mx MEX,MF,West Ham,27-143,1997,23,18,"1,535",17.1,0,1,1,0,0,0,8,1,0.3,0.3,0.8,1.1,20,68,18,0,0.06,0.06,0,0.06,0.02,0.05,0.07,0.02,0.07,Matches
19,Will Alves,eng ENG,FW,Leicester City,20-041,2005,1,0,1,0,0,0,0,0,0,0,0,0,0,0,0,0,0,0,1,0,0,0,0,0,0,0,0,0,0,Matches
20,Samuel Amo-Ameyaw,eng ENG,"FW,DF",Southampton,18-241,2006,2,0,28,0.3,0,0,0,0,0,0,1,0,0,0,0.1,0.1,1,0,3,0,0,0,0,0,0.07,0.22,0.29,0.07,0.29,Matches
21,Mathis Amougou,fr FRA,MF,Chelsea,19-057,2006,1,0,8,0.1,0,0,0,0,0,0,0,0,0,0,0,0,0,1,0,0,0,0,0,0,0,0,0,0,0,Matches
22,Joachim Andersen,dk DEN,DF,Crystal Palace,28-289,1996,1,1,90,1,0,0,0,0,0,0,1,0,0,0,0,0,1,4,1,0,0,0,0,0,0.04,0,0.04,0.04,0.04,Matches
23,Joachim Andersen,dk DEN,DF,Fulham,28-289,1996,19,19,"1,683",18.7,0,0,0,0,0,0,4,1,0.4,0.4,0.3,0.7,11,84,1,0,0,0,0,0,0.02,0.02,0.04,0.02,0.04,Matches
24,Elliot Anderson,eng ENG,MF,Nott'ham Forest,22-130,2002,28,24,"1,982",22,1,6,7,1,0,0,6,0,1.4,1.4,3,4.3,35,104,68,0.05,0.27,0.32,0.05,0.32,0.06,0.14,0.2,0.06,0.2,Matches
25,André,br BRA,MF,Wolves,23-243,2001,24,22,"1,747",19.4,0,0,0,0,0,0,4,0,0.2,0.2,0.6,0.8,7,75,10,0,0,0,0,0,0.01,0.03,0.04,0.01,0.04,Matches
Rk,Player,Nation,Pos,Squad,Age,Born,MP,Starts,Min,90s,Gls,Ast,G+A,G-PK,PK,PKatt,CrdY,CrdR,xG,npxG,xAG,npxG+xAG,PrgC,PrgP,PrgR,Gls,Ast,G+A,G-PK,G+A-PK,xG,xAG,xG+xAG,npxG,npxG+xAG,Matches
26,Michail Antonio,jm JAM,FW,West Ham,34-353,1990,14,11,836,9.3,1,1,2,1,0,0,1,0,2.2,2.2,1.6,3.8,29,18,59,0.11,0.11,0.22,0.11,0.22,0.24,0.17,0.41,0.24,0.41,Matches
27,Antony,br BRA,"DF,MF",Manchester Utd,25-020,2000,8,0,141,1.6,0,0,0,0,0,0,0,0,1,1,0.1,1.1,5,6,7,0,0,0,0,0,0.65,0.08,0.73,0.65,0.73,Matches
28,Julian Araujo,mx MEX,DF,Bournemouth,23-215,2001,8,5,355,3.9,0,0,0,0,0,0,1,0,0,0,0,0,2,14,11,0,0,0,0,0,0,0,0,0,0,Matches
29,Cameron Archer,eng ENG,FW,Southampton,23-238,2001,26,11,"1,181",13.1,2,0,2,2,0,1,0,0,4.9,4.1,0.3,4.4,16,12,55,0.15,0,0.15,0.15,0.15,0.37,0.03,0.4,0.31,0.34,Matches
30,Alphonse Areola,fr FRA,GK,West Ham,32-017,1993,18,17,"1,540",17.1,0,0,0,0,0,0,0,0,0,0,0,0,0,0,0,0,0,0,0,0,0,0,0,0,0,Matches
31,Joe Aribo,ng NGA,"MF,DF",Southampton,28-238,1996,28,19,"1,826",20.3,3,0,3,3,0,0,1,0,2.7,2.7,1.6,4.2,34,69,62,0.15,0,0.15,0.15,0.15,0.13,0.08,0.21,0.13,0.21,Matches
32,Adam Armstrong,eng ENG,"FW,MF",Southampton,28-034,1997,20,15,"1,248",13.9,2,2,4,2,0,1,4,0,3.3,2.3,1.2,3.5,25,21,79,0.14,0.14,0.29,0.14,0.29,0.24,0.09,0.32,0.17,0.25,Matches
33,Harrison Armstrong,eng ENG,MF,Everton,18-056,2007,3,0,48,0.5,0,0,0,0,0,0,1,0,0.4,0.4,0.1,0.4,1,1,0,0,0,0,0,0,0.69,0.14,0.82,0.69,0.82,Matches
34,Kepa Arrizabalaga,es ESP,GK,Bournemouth,30-164,1994,22,22,"1,980",22,0,0,0,0,0,0,3,0,0.1,0.1,0,0.1,0,0,0,0,0,0,0,0,0,0,0,0,0,Matches
35,Marco Asensio,es ESP,"MF,FW",Aston Villa,29-054,1996,4,2,207,2.3,2,0,2,2,0,0,0,0,1.4,1.4,0.2,1.6,10,16,7,0.87,0,0.87,0.87,0.87,0.62,0.09,0.71,0.62,0.71,Matches
36,Brandon Austin,eng ENG,GK,Tottenham,26-067,1999,1,1,90,1,0,0,0,0,0,0,0,0,0,0,0,0,0,0,0,0,0,0,0,0,0,0,0,0,0,Matches
37,Taiwo Awoniyi,ng NGA,FW,Nott'ham Forest,27-216,1997,22,2,278,3.1,1,0,1,1,0,0,0,0,2,2,0.1,2.1,5,6,15,0.32,0,0.32,0.32,0.32,0.65,0.03,0.68,0.65,0.68,Matches
38,Yasin Ayari,se SWE,MF,Brighton,21-161,2003,25,16,"1,443",16,0,1,1,0,0,0,3,0,1.5,1.5,2.1,3.6,20,53,53,0,0.06,0.06,0,0.06,0.09,0.13,0.22,0.09,0.22,Matches
39,Jordan Ayew,gh GHA,"FW,MF",Crystal Palace,33-186,1991,1,0,21,0.2,0,0,0,0,0,0,1,0,0.5,0.5,0,0.5,0,0,1,0,0,0,0,0,1.96,0.21,2.17,1.96,2.17,Matches
40,Jordan Ayew,gh GHA,"FW,MF",Leicester City,33-186,1991,23,15,"1,298",14.4,4,0,4,3,1,1,5,0,2.8,2,0.8,2.8,36,28,66,0.28,0,0.28,0.21,0.21,0.2,0.05,0.25,0.14,0.2,Matches
41,Benoît Badiashile,fr FRA,DF,Chelsea,23-355,2001,4,2,249,2.8,0,0,0,0,0,0,0,0,0,0,0,0,3,16,2,0,0,0,0,0,0,0,0,0,0,Matches
42,Leon Bailey,jm JAM,"FW,MF",Aston Villa,27-219,1997,23,14,"1,138",12.6,1,2,3,1,0,0,3,0,1.7,1.7,1.5,3.3,57,35,121,0.08,0.16,0.24,0.08,0.24,0.14,0.12,0.26,0.14,0.26,Matches
43,Carlos Baleba,cm CMR,MF,Brighton,21-072,2004,25,23,"1,948",21.6,2,1,3,2,0,0,8,1,2.9,2.9,1.1,4,33,95,25,0.09,0.05,0.14,0.09,0.14,0.13,0.05,0.18,0.13,0.18,Matches
44,Ross Barkley,eng ENG,MF,Aston Villa,31-101,1993,16,3,554,6.2,3,1,4,3,0,0,3,0,1.7,1.7,0.6,2.3,14,32,8,0.49,0.16,0.65,0.49,0.65,0.27,0.09,0.37,0.27,0.37,Matches
45,Harvey Barnes,eng ENG,FW,Newcastle Utd,27-097,1997,23,7,903,10,5,2,7,5,0,0,0,0,3.4,3.4,2.9,6.4,48,45,94,0.5,0.2,0.7,0.5,0.7,0.34,0.29,0.63,0.34,0.63,Matches
46,Calvin Bassey,ng NGA,DF,Fulham,25-075,1999,27,26,"2,354",26.2,1,0,1,1,0,0,5,0,1,1,0.1,1.1,22,86,11,0.04,0,0.04,0.04,0.04,0.04,0,0.04,0.04,0.04,Matches
47,Jan Bednarek,pl POL,DF,Southampton,28-338,1996,23,23,"1,901",21.1,2,0,2,2,0,0,5,0,0.7,0.7,0.5,1.1,4,51,1,0.09,0,0.09,0.09,0.09,0.03,0.02,0.05,0.03,0.05,Matches
48,Armel Bella Kotchap,de GER,DF,Southampton,23-095,2001,4,2,331,3.7,0,0,0,0,0,0,0,0,0.3,0.3,0,0.3,0,5,0,0,0,0,0,0,0.09,0,0.09,0.09,0.09,Matches
49,Jean-Ricner Bellegarde,fr FRA,"MF,FW",Wolves,26-262,1998,27,15,"1,285",14.3,2,6,8,2,0,0,3,0,1.2,1.2,3.2,4.4,36,32,70,0.14,0.42,0.56,0.14,0.56,0.08,0.23,0.31,0.08,0.31,Matches
50,Rodrigo Bentancur,uy URU,MF,Tottenham,27-264,1997,18,15,"1,161",12.9,2,0,2,2,0,0,7,0,1.1,1.1,0.4,1.5,19,72,18,0.16,0,0.16,0.16,0.16,0.09,0.03,0.12,0.09,0.12,Matches
Rk,Player,Nation,Pos,Squad,Age,Born,MP,Starts,Min,90s,Gls,Ast,G+A,G-PK,PK,PKatt,CrdY,CrdR,xG,npxG,xAG,npxG+xAG,PrgC,PrgP,PrgR,Gls,Ast,G+A,G-PK,G+A-PK,xG,xAG,xG+xAG,npxG,npxG+xAG,Matches
51,Sander Berge,no NOR,MF,Fulham,27-030,1998,21,17,"1,554",17.3,0,0,0,0,0,0,4,0,0.2,0.2,0.6,0.7,16,82,5,0,0,0,0,0,0.01,0.03,0.04,0.01,0.04,Matches
52,Lucas Bergvall,se SWE,MF,Tottenham,19-042,2006,21,8,889,9.9,0,1,1,0,0,0,3,0,0.5,0.5,0.4,0.9,21,41,20,0,0.1,0.1,0,0.1,0.05,0.04,0.09,0.05,0.09,Matches
53,Victor Bernth Kristiansen,dk DEN,DF,Leicester City,22-090,2002,25,25,"2,195",24.4,0,1,1,0,0,0,1,0,0.3,0.3,1.3,1.7,37,64,64,0,0.04,0.04,0,0.04,0.01,0.06,0.07,0.01,0.07,Matches
54,Beto,gw GNB,FW,Everton,27-044,1998,21,8,932,10.4,6,0,6,6,0,0,1,0,5.5,5.5,0.7,6.1,10,7,50,0.58,0,0.58,0.58,0.58,0.53,0.06,0.59,0.53,0.59,Matches
55,Philip Billing,dk DEN,MF,Bournemouth,28-278,1996,10,1,184,2,0,0,0,0,0,0,1,0,0.6,0.6,1.1,1.7,3,15,13,0,0,0,0,0,0.28,0.54,0.82,0.28,0.82,Matches
56,Yves Bissouma,ml MLI,MF,Tottenham,28-198,1996,21,13,"1,100",12.2,2,0,2,2,0,0,6,0,0.6,0.6,0.2,0.8,15,67,3,0.16,0,0.16,0.16,0.16,0.05,0.02,0.07,0.05,0.07,Matches
57,Lamare Bogarde,nl NED,"DF,MF",Aston Villa,21-070,2004,8,5,476,5.3,0,0,0,0,0,0,2,0,0,0,0.1,0.2,12,14,9,0,0,0,0,0,0.01,0.02,0.03,0.01,0.03,Matches
58,Willy Boly,ci CIV,DF,Nott'ham Forest,34-041,1991,5,1,134,1.5,0,0,0,0,0,0,1,0,0.1,0.1,0,0.1,0,2,0,0,0,0,0,0,0.05,0,0.05,0.05,0.05,Matches
59,Sven Botman,nl NED,DF,Newcastle Utd,25-063,2000,3,3,224,2.5,0,0,0,0,0,0,1,0,0,0,0,0,0,3,0,0,0,0,0,0,0.01,0,0.01,0.01,0.01,Matches
60,Jarrod Bowen,eng ENG,"FW,MF",West Ham,28-086,1996,25,25,"2,186",24.3,7,5,12,6,1,1,1,0,6.3,5.5,5,10.5,83,76,149,0.29,0.21,0.49,0.25,0.45,0.26,0.2,0.46,0.23,0.43,Matches
61,Conor Bradley,nir NIR,DF,Liverpool,21-250,2003,12,2,372,4.1,0,0,0,0,0,0,2,0,0.5,0.5,0,0.5,17,17,18,0,0,0,0,0,0.12,0,0.12,0.12,0.12,Matches
62,Jarrad Branthwaite,eng ENG,DF,Everton,22-262,2002,22,20,"1,808",20.1,0,1,1,0,0,0,3,0,0.8,0.8,0.6,1.3,8,46,1,0,0.05,0.05,0,0.05,0.04,0.03,0.07,0.04,0.07,Matches
63,James Bree,eng ENG,DF,Southampton,27-156,1997,14,11,890,9.9,0,1,1,0,0,0,0,0,0.1,0.1,0.9,1,9,30,34,0,0.1,0.1,0,0.1,0.01,0.09,0.1,0.01,0.1,Matches
64,Ben Brereton,cl CHI,FW,Southampton,25-332,1999,10,4,449,5,0,0,0,0,0,0,1,0,0.9,0.9,0.1,1,12,9,42,0,0,0,0,0,0.18,0.02,0.2,0.18,0.2,Matches
65,Nathan Broadhead,wls WAL,"FW,MF",Ipswich Town,26-345,1998,13,4,455,5.1,0,0,0,0,0,0,1,0,1.1,1.1,0.5,1.6,14,10,20,0,0,0,0,0,0.21,0.11,0.32,0.21,0.32,Matches
66,Armando Broja,al ALB,FW,Everton,23-187,2001,6,2,171,1.9,0,0,0,0,0,0,1,0,0.1,0.1,0.1,0.2,9,2,17,0,0,0,0,0,0.06,0.06,0.12,0.06,0.12,Matches
67,David Brooks,wls WAL,FW,Bournemouth,27-251,1997,22,8,736,8.2,2,0,2,2,0,0,3,0,2.2,2.2,1.6,3.8,25,18,65,0.24,0,0.24,0.24,0.24,0.26,0.2,0.46,0.26,0.46,Matches
68,Emi Buendía,ar ARG,"MF,FW",Aston Villa,28-081,1996,12,0,98,1.1,0,0,0,0,0,0,1,0,0.7,0.7,0,0.7,3,7,6,0,0,0,0,0,0.6,0.02,0.62,0.6,0.62,Matches
69,Santiago Bueno,uy URU,DF,Wolves,26-127,1998,22,17,"1,524",16.9,0,0,0,0,0,0,2,0,0.4,0.4,0,0.4,1,27,1,0,0,0,0,0,0.03,0,0.03,0.03,0.03,Matches
70,Facundo Buonanotte,ar ARG,"FW,MF",Leicester City,20-083,2004,24,13,"1,296",14.4,4,2,6,4,0,0,7,0,3.4,3.4,2.8,6.2,37,47,62,0.28,0.14,0.42,0.28,0.42,0.23,0.2,0.43,0.23,0.43,Matches
71,Cameron Burgess,au AUS,DF,Ipswich Town,29-146,1995,11,10,945,10.5,0,1,1,0,0,0,0,0,0.7,0.7,0.3,1,2,33,3,0,0.1,0.1,0,0.1,0.07,0.03,0.1,0.07,0.1,Matches
72,Dan Burn,eng ENG,DF,Newcastle Utd,32-311,1992,27,27,"2,430",27,0,0,0,0,0,0,8,0,1.1,1.1,0.5,1.5,6,43,6,0,0,0,0,0,0.04,0.02,0.06,0.04,0.06,Matches
73,Wes Burns,wls WAL,"FW,DF",Ipswich Town,30-113,1994,18,12,926,10.3,0,1,1,0,0,0,1,0,0.5,0.5,1.6,2.2,38,8,65,0,0.1,0.1,0,0.1,0.05,0.16,0.21,0.05,0.21,Matches
74,Moisés Caicedo,ec ECU,MF,Chelsea,23-134,2001,28,28,"2,451",27.2,1,2,3,1,0,0,9,0,0.6,0.6,2.6,3.2,31,147,28,0.04,0.07,0.11,0.04,0.11,0.02,0.09,0.12,0.02,0.12,Matches
75,Tom Cairney,sct SCO,MF,Fulham,34-055,1991,18,2,419,4.7,1,0,1,1,0,0,2,1,0.1,0.1,0.7,0.9,12,44,21,0.21,0,0.21,0.21,0.21,0.03,0.15,0.18,0.03,0.18,Matches
Rk,Player,Nation,Pos,Squad,Age,Born,MP,Starts,Min,90s,Gls,Ast,G+A,G-PK,PK,PKatt,CrdY,CrdR,xG,npxG,xAG,npxG+xAG,PrgC,PrgP,PrgR,Gls,Ast,G+A,G-PK,G+A-PK,xG,xAG,xG+xAG,npxG,npxG+xAG,Matches
76,Jens Cajuste,se SWE,MF,Ipswich Town,25-218,1999,22,19,"1,434",15.9,1,0,1,1,0,0,2,0,0.3,0.3,0.4,0.7,21,38,13,0.06,0,0.06,0.06,0.06,0.02,0.02,0.04,0.02,0.04,Matches
77,Riccardo Calafiori,it ITA,DF,Arsenal,22-301,2002,17,11,925,10.3,2,1,3,2,0,0,4,0,0.9,0.9,0.3,1.1,21,54,29,0.19,0.1,0.29,0.19,0.29,0.08,0.03,0.11,0.08,0.11,Matches
78,Dominic Calvert-Lewin,eng ENG,FW,Everton,28-000,1997,22,19,"1,574",17.5,3,1,4,3,0,0,2,0,6.1,6.1,0.6,6.7,22,19,105,0.17,0.06,0.23,0.17,0.23,0.35,0.04,0.39,0.35,0.39,Matches
79,Diego Carlos,br BRA,DF,Aston Villa,32-001,1993,10,8,830,9.2,0,0,0,0,0,0,1,0,0.6,0.6,0,0.6,3,34,0,0,0,0,0,0,0.07,0,0.07,0.07,0.07,Matches
80,Fabio Carvalho,pt POR,"FW,MF",Brentford,22-198,2002,19,3,455,5.1,2,1,3,2,0,0,1,0,2.5,2.5,0.7,3.2,9,17,23,0.4,0.2,0.59,0.4,0.59,0.49,0.13,0.62,0.49,0.62,Matches
81,Casemiro,br BRA,MF,Manchester Utd,33-021,1992,18,13,"1,101",12.2,1,0,1,1,0,0,2,0,1.3,1.3,2.2,3.5,3,59,23,0.08,0,0.08,0.08,0.08,0.11,0.18,0.29,0.11,0.29,Matches
82,Kaelan Casey,eng ENG,DF,West Ham,20-139,2004,1,0,1,0,0,0,0,0,0,0,0,0,0,0,0,0,0,0,0,0,0,0,0,0,0,0,0,0,0,Matches
83,Matty Cash,pl POL,"DF,FW",Aston Villa,27-221,1997,19,16,"1,396",15.5,1,1,2,1,0,0,6,0,0.2,0.2,1,1.3,38,31,50,0.06,0.06,0.13,0.06,0.13,0.02,0.07,0.08,0.02,0.08,Matches
84,Timothy Castagne,be BEL,DF,Fulham,29-101,1995,18,13,"1,252",13.9,0,1,1,0,0,0,1,0,0.2,0.2,1.2,1.4,16,53,58,0,0.07,0.07,0,0.07,0.02,0.08,0.1,0.02,0.1,Matches
85,Trevoh Chalobah,eng ENG,DF,Crystal Palace,25-254,1999,12,12,"1,060",11.8,3,0,3,3,0,0,1,0,1.2,1.2,0.4,1.6,11,34,6,0.25,0,0.25,0.25,0.25,0.1,0.03,0.14,0.1,0.14,Matches
86,Trevoh Chalobah,eng ENG,DF,Chelsea,25-254,1999,6,4,296,3.3,0,1,1,0,0,0,0,0,0.2,0.2,1.1,1.3,2,12,0,0,0.3,0.3,0,0.3,0.07,0.34,0.41,0.07,0.41,Matches
87,Conor Chaplin,eng ENG,"MF,FW",Ipswich Town,28-028,1997,15,7,614,6.8,1,1,2,1,0,0,1,0,1.2,1.2,0.6,1.8,10,25,20,0.15,0.15,0.29,0.15,0.29,0.17,0.09,0.26,0.17,0.26,Matches
88,Youssef Chermiti,pt POR,FW,Everton,20-296,2004,1,0,12,0.1,0,0,0,0,0,0,1,0,0.1,0.1,0,0.1,0,1,4,0,0,0,0,0,0.51,0,0.51,0.51,0.51,Matches
89,Federico Chiesa,it ITA,FW,Liverpool,27-142,1997,3,0,28,0.3,0,0,0,0,0,0,0,0,0.2,0.2,0,0.2,2,1,4,0,0,0,0,0,0.52,0,0.52,0.52,0.52,Matches
90,Ben Chilwell,eng ENG,"DF,MF",Crystal Palace,28-085,1996,3,0,51,0.6,0,0,0,0,0,0,1,0,0,0,0.1,0.2,0,2,5,0,0,0,0,0,0.08,0.25,0.33,0.08,0.33,Matches
91,Chiquinho,pt POR,MF,Wolves,25-039,2000,1,0,7,0.1,0,0,0,0,0,0,0,0,0,0,0,0,0,0,0,0,0,0,0,0,0,0.42,0.42,0,0.42,Matches
92,Hamza Choudhury,eng ENG,"MF,DF",Leicester City,27-166,1997,4,1,131,1.5,0,0,0,0,0,0,0,0,0,0,0.4,0.4,4,3,6,0,0,0,0,0,0,0.27,0.27,0,0.27,Matches
93,Ryan Christie,sct SCO,MF,Bournemouth,30-022,1995,28,26,"2,060",22.9,2,3,5,2,0,0,9,0,1.8,1.8,3.4,5.2,32,134,42,0.09,0.13,0.22,0.09,0.22,0.08,0.15,0.23,0.08,0.23,Matches
94,Harry Clarke,eng ENG,DF,Ipswich Town,24-014,2001,7,4,379,4.2,0,0,0,0,0,0,3,1,0.1,0.1,0,0.1,5,14,2,0,0,0,0,0,0.02,0.01,0.03,0.02,0.03,Matches
95,Jack Clarke,eng ENG,"FW,MF",Ipswich Town,24-113,2000,24,8,871,9.7,0,4,4,0,0,0,2,0,0.9,0.9,1.8,2.8,25,28,46,0,0.41,0.41,0,0.41,0.1,0.19,0.29,0.1,0.29,Matches
96,Nathaniel Clyne,eng ENG,"DF,MF",Crystal Palace,33-345,1991,11,4,397,4.4,0,0,0,0,0,0,1,0,0,0,0.1,0.1,5,6,7,0,0,0,0,0,0,0.03,0.03,0,0.03,Matches
97,Conor Coady,eng ENG,DF,Leicester City,32-019,1993,12,9,814,9,0,0,0,0,0,0,1,0,0,0,0.1,0.1,1,22,0,0,0,0,0,0,0,0.01,0.01,0,0.01,Matches
98,Séamus Coleman,ie IRL,DF,Everton,36-156,1988,3,2,197,2.2,0,0,0,0,0,0,1,0,0.6,0.6,0,0.6,1,8,2,0,0,0,0,0,0.26,0,0.26,0.26,0.26,Matches
99,Nathan Collins,ie IRL,DF,Brentford,23-320,2001,29,29,"2,610",29,2,1,3,2,0,0,4,0,2.3,2.3,1.4,3.7,23,103,17,0.07,0.03,0.1,0.07,0.1,0.08,0.05,0.13,0.08,0.13,Matches
100,Toby Collyer,eng ENG,MF,Manchester Utd,21-072,2004,5,0,139,1.5,0,0,0,0,0,0,0,0,0,0,0.3,0.3,0,5,2,0,0,0,0,0,0,0.17,0.17,0,0.17,Matches
Rk,Player,Nation,Pos,Squad,Age,Born,MP,Starts,Min,90s,Gls,Ast,G+A,G-PK,PK,PKatt,CrdY,CrdR,xG,npxG,xAG,npxG+xAG,PrgC,PrgP,PrgR,Gls,Ast,G+A,G-PK,G+A-PK,xG,xAG,xG+xAG,npxG,npxG+xAG,Matches
101,Levi Colwill,eng ENG,DF,Chelsea,22-018,2003,26,26,"2,339",26,1,1,2,1,0,0,6,0,0.7,0.7,1.1,1.8,10,108,7,0.04,0.04,0.08,0.04,0.08,0.03,0.04,0.07,0.03,0.07,Matches
102,Lewis Cook,eng ENG,"MF,DF",Bournemouth,28-041,1997,28,26,"2,392",26.6,1,3,4,1,0,0,6,0,0.6,0.6,3.6,4.2,30,140,41,0.04,0.11,0.15,0.04,0.15,0.02,0.14,0.16,0.02,0.16,Matches
103,Maxwel Cornet,ci CIV,FW,Southampton,28-170,1996,2,1,72,0.8,0,0,0,0,0,0,1,0,0.2,0.2,0,0.2,1,0,5,0,0,0,0,0,0.2,0,0.2,0.2,0.2,Matches
104,Vladimír Coufal,cz CZE,DF,West Ham,32-206,1992,15,8,736,8.2,0,0,0,0,0,0,2,0,0.2,0.2,0.6,0.8,11,28,21,0,0,0,0,0,0.02,0.08,0.1,0.02,0.1,Matches
105,Woyo Coulibaly,fr FRA,DF,Leicester City,25-300,1999,4,1,109,1.2,0,0,0,0,0,0,1,0,0,0,0,0,4,3,2,0,0,0,0,0,0.04,0,0.04,0.04,0.04,Matches
106,Aaron Cresswell,eng ENG,DF,West Ham,35-091,1989,13,6,544,6,0,0,0,0,0,0,2,0,0.1,0.1,1.1,1.3,4,23,2,0,0,0,0,0,0.02,0.19,0.21,0.02,0.21,Matches
107,Marc Cucurella,es ESP,DF,Chelsea,26-237,1998,26,24,"2,164",24,4,1,5,4,0,0,8,1,2,2,1.7,3.8,27,89,91,0.17,0.04,0.21,0.17,0.21,0.08,0.07,0.16,0.08,0.16,Matches
108,Jorge Cuenca,es ESP,DF,Fulham,25-119,1999,5,2,169,1.9,0,0,0,0,0,0,0,0,0,0,0,0,0,6,0,0,0,0,0,0,0,0,0,0,0,Matches
109,Matheus Cunha,br BRA,"MF,FW",Wolves,25-293,1999,26,24,"2,143",23.8,13,4,17,13,0,0,3,0,6.7,6.7,6.6,13.4,92,112,137,0.55,0.17,0.71,0.55,0.71,0.28,0.28,0.56,0.28,0.56,Matches
110,Patson Daka,zm ZAM,"FW,MF",Leicester City,26-158,1998,15,2,400,4.4,1,0,1,1,0,0,0,0,0.5,0.5,0,0.5,4,7,21,0.23,0,0.23,0.23,0.23,0.11,0,0.11,0.11,0.11,Matches
111,Diogo Dalot,pt POR,DF,Manchester Utd,25-363,1999,27,27,"2,396",26.6,0,1,1,0,0,0,4,0,1.9,1.9,1.6,3.5,50,83,131,0,0.04,0.04,0,0.04,0.07,0.06,0.13,0.07,0.13,Matches
112,Mikkel Damsgaard,dk DEN,"MF,FW",Brentford,24-256,2000,29,26,"2,216",24.6,2,10,12,2,0,0,2,0,2.3,2.3,7.1,9.4,59,188,105,0.08,0.41,0.49,0.08,0.49,0.1,0.29,0.38,0.1,0.38,Matches
113,Danilo,br BRA,MF,Nott'ham Forest,23-321,2001,5,3,171,1.9,0,0,0,0,0,0,0,0,0,0,0,0,2,9,0,0,0,0,0,0,0,0,0,0,0,Matches
114,Jayden Danns,eng ENG,MF,Liverpool,19-059,2006,1,0,11,0.1,0,0,0,0,0,0,0,0,0,0,0,0,0,0,0,0,0,0,0,0,0,0,0,0,0,Matches
115,Kevin Danso,at AUT,DF,Tottenham,26-178,1998,4,4,347,3.9,0,0,0,0,0,0,0,0,0.3,0.3,0,0.4,2,7,0,0,0,0,0,0,0.09,0.01,0.1,0.09,0.1,Matches
116,Ben Davies,wls WAL,DF,Tottenham,31-326,1993,8,7,631,7,0,0,0,0,0,0,2,0,0.2,0.2,0.1,0.2,5,28,4,0,0,0,0,0,0.02,0.01,0.03,0.02,0.03,Matches
117,Leif Davis,eng ENG,DF,Ipswich Town,25-063,2000,28,28,"2,461",27.3,1,2,3,1,0,0,5,0,0.9,0.9,4.3,5.2,47,55,117,0.04,0.07,0.11,0.04,0.11,0.03,0.16,0.19,0.03,0.19,Matches
118,Craig Dawson,eng ENG,DF,Wolves,34-314,1990,15,10,971,10.8,0,0,0,0,0,0,2,0,0.5,0.5,0,0.5,6,20,5,0,0,0,0,0,0.05,0,0.05,0.05,0.05,Matches
119,Kevin De Bruyne,be BEL,MF,Manchester City,33-261,1991,20,12,"1,103",12.3,2,6,8,2,0,0,2,0,2.6,2.6,6.1,8.8,38,113,105,0.16,0.49,0.65,0.16,0.65,0.22,0.5,0.71,0.22,0.71,Matches
120,Liam Delap,eng ENG,FW,Ipswich Town,22-036,2003,28,27,"2,173",24.1,10,2,12,8,2,2,8,0,8.2,6.6,1.9,8.5,52,26,91,0.41,0.08,0.5,0.33,0.41,0.34,0.08,0.42,0.28,0.35,Matches
121,Sepp van den Berg,nl NED,DF,Brentford,23-086,2001,22,20,"1,776",19.7,0,0,0,0,0,0,1,0,0.8,0.8,0.2,1,6,53,23,0,0,0,0,0,0.04,0.01,0.05,0.04,0.05,Matches
122,Justin Devenny,nir NIR,MF,Crystal Palace,21-156,2003,14,3,318,3.5,1,0,1,1,0,0,0,0,0.5,0.5,0.3,0.8,3,9,9,0.28,0,0.28,0.28,0.28,0.14,0.1,0.24,0.14,0.24,Matches
123,Kiernan Dewsbury-Hall,eng ENG,MF,Chelsea,26-191,1998,8,1,184,2,0,1,1,0,0,0,0,0,0.2,0.2,1,1.2,5,10,9,0,0.49,0.49,0,0.49,0.11,0.48,0.59,0.11,0.59,Matches
124,Amad Diallo,ci CIV,"FW,MF",Manchester Utd,22-248,2002,22,17,"1,594",17.7,6,6,12,6,0,0,3,0,4.1,4.1,3.9,8,92,53,159,0.34,0.34,0.68,0.34,0.68,0.23,0.22,0.45,0.23,0.45,Matches
125,Rúben Dias,pt POR,DF,Manchester City,27-306,1997,18,16,"1,461",16.2,0,0,0,0,0,0,3,0,1.3,1.3,0.3,1.5,28,90,6,0,0,0,0,0,0.08,0.02,0.09,0.08,0.09,Matches
Rk,Player,Nation,Pos,Squad,Age,Born,MP,Starts,Min,90s,Gls,Ast,G+A,G-PK,PK,PKatt,CrdY,CrdR,xG,npxG,xAG,npxG+xAG,PrgC,PrgP,PrgR,Gls,Ast,G+A,G-PK,G+A-PK,xG,xAG,xG+xAG,npxG,npxG+xAG,Matches
126,Luis Díaz,co COL,FW,Liverpool,28-062,1997,28,22,"1,850",20.6,9,4,13,9,0,0,2,0,7.6,7.6,3.4,11,84,83,213,0.44,0.19,0.63,0.44,0.63,0.37,0.17,0.53,0.37,0.53,Matches
127,Tyler Dibling,eng ENG,"FW,MF",Southampton,19-004,2006,25,17,"1,540",17.1,2,0,2,2,0,0,6,0,2.4,2.4,1.4,3.8,60,54,80,0.12,0,0.12,0.12,0.12,0.14,0.08,0.22,0.14,0.22,Matches
128,Lucas Digne,fr FRA,DF,Aston Villa,31-239,1993,28,25,"2,061",22.9,0,4,4,0,0,0,3,0,0.8,0.8,4,4.8,21,51,132,0,0.17,0.17,0,0.17,0.03,0.17,0.21,0.03,0.21,Matches
129,Issa Diop,fr FRA,DF,Fulham,28-066,1997,20,14,"1,263",14,0,0,0,0,0,0,2,0,0.5,0.5,0.1,0.6,6,24,2,0,0,0,0,0,0.04,0.01,0.05,0.04,0.05,Matches
130,Axel Disasi,fr FRA,DF,Aston Villa,27-005,1998,4,4,360,4,0,0,0,0,0,0,1,0,0.1,0.1,0.4,0.4,8,12,5,0,0,0,0,0,0.02,0.09,0.11,0.02,0.11,Matches
131,Axel Disasi,fr FRA,DF,Chelsea,27-005,1998,6,4,364,4,1,0,1,1,0,0,1,0,0.3,0.3,0.1,0.4,6,16,2,0.25,0,0.25,0.25,0.25,0.07,0.02,0.09,0.07,0.09,Matches
132,Roman Dixon,eng ENG,DF,Everton,20-080,2004,1,1,90,1,0,0,0,0,0,0,0,0,0,0,0,0,0,0,1,0,0,0,0,0,0,0,0,0,0,Matches
133,Nasser Djiga,bf BFA,DF,Wolves,22-121,2002,2,0,19,0.2,0,0,0,0,0,0,0,0,0,0,0,0,0,0,1,0,0,0,0,0,0,0,0,0,0,Matches
134,Matt Doherty,ie IRL,DF,Wolves,33-059,1992,22,18,"1,610",17.9,2,1,3,2,0,0,5,0,1,1,1.4,2.4,27,68,38,0.11,0.06,0.17,0.11,0.17,0.06,0.08,0.13,0.06,0.13,Matches
135,Jeremy Doku,be BEL,"FW,MF",Manchester City,22-293,2002,20,13,"1,163",12.9,3,4,7,3,0,0,1,0,1,1,3.2,4.2,157,55,206,0.23,0.31,0.54,0.23,0.54,0.07,0.25,0.32,0.07,0.32,Matches
136,Nicolás Domínguez,ar ARG,"MF,FW",Nott'ham Forest,26-261,1998,25,16,"1,395",15.5,0,0,0,0,0,0,8,0,1.3,1.3,1,2.3,9,52,19,0,0,0,0,0,0.08,0.06,0.15,0.08,0.15,Matches
137,Patrick Dorgu,dk DEN,DF,Manchester Utd,20-141,2004,3,3,222,2.5,0,0,0,0,0,0,1,1,0.1,0.1,0,0.1,11,6,25,0,0,0,0,0,0.03,0.02,0.05,0.03,0.05,Matches
138,Alfie Dorrington,eng ENG,DF,Tottenham,19-330,2005,1,0,14,0.2,0,0,0,0,0,0,0,0,0,0,0,0,0,0,0,0,0,0,0,0,0,0,0,0,0,Matches
139,Abdoulaye Doucouré,ml MLI,MF,Everton,32-074,1993,25,24,"1,980",22,2,1,3,2,0,0,4,1,3.2,3.2,1.5,4.7,32,66,73,0.09,0.05,0.14,0.09,0.14,0.14,0.07,0.21,0.14,0.21,Matches
140,Cheick Doucouré,ml MLI,MF,Crystal Palace,25-067,2000,13,4,452,5,0,0,0,0,0,0,1,0,0.4,0.4,0,0.4,2,19,7,0,0,0,0,0,0.08,0,0.08,0.08,0.08,Matches
141,Flynn Downes,eng ENG,MF,Southampton,26-055,1999,20,18,"1,522",16.9,1,0,1,1,0,0,9,0,0.6,0.6,0.9,1.5,21,52,24,0.06,0,0.06,0.06,0.06,0.04,0.05,0.09,0.04,0.09,Matches
142,Tommy Doyle,eng ENG,MF,Wolves,23-150,2001,24,3,488,5.4,0,1,1,0,0,0,1,0,0.6,0.6,0.5,1.1,6,40,4,0,0.18,0.18,0,0.18,0.1,0.09,0.2,0.1,0.2,Matches
143,Radu Drăgușin,ro ROU,DF,Tottenham,23-041,2002,16,14,"1,252",13.9,0,0,0,0,0,0,1,0,0.1,0.1,0.4,0.5,7,37,2,0,0,0,0,0,0.01,0.03,0.04,0.01,0.04,Matches
144,Martin Dúbravka,sk SVK,GK,Newcastle Utd,36-060,1989,10,10,900,10,0,0,0,0,0,0,0,0,0,0,0,0,0,0,0,0,0,0,0,0,0,0,0,0,0,Matches
145,Lewis Dunk,eng ENG,DF,Brighton,33-115,1991,19,17,"1,562",17.4,0,0,0,0,0,0,4,0,0.7,0.7,0.5,1.2,17,111,2,0,0,0,0,0,0.04,0.03,0.07,0.04,0.07,Matches
146,Jáder Durán,co COL,FW,Aston Villa,21-093,2003,20,4,638,7.1,7,0,7,7,0,0,3,1,4.9,4.9,0.2,5.1,7,13,44,0.99,0,0.99,0.99,0.99,0.69,0.03,0.71,0.69,0.71,Matches
147,Ederson,br BRA,GK,Manchester City,31-211,1993,19,19,"1,710",19,0,3,3,0,0,0,3,0,0,0,0.8,0.8,0,1,0,0,0.16,0.16,0,0.16,0,0.04,0.04,0,0.04,Matches
148,George Edmundson,eng ENG,DF,Ipswich Town,27-197,1997,1,0,2,0,0,0,0,0,0,0,0,0,0,0,0,0,0,0,0,0,0,0,0,0,0,0,0,0,0,Matches
149,Odsonne Édouard,fr FRA,"MF,FW",Crystal Palace,27-059,1998,2,1,115,1.3,0,0,0,0,0,0,0,0,0.4,0.4,0,0.4,2,4,7,0,0,0,0,0,0.31,0.04,0.34,0.31,0.34,Matches
150,Odsonne Édouard,fr FRA,FW,Leicester City,27-059,1998,4,0,29,0.3,0,0,0,0,0,0,0,0,0,0,0,0,0,1,2,0,0,0,0,0,0,0.13,0.13,0,0.13,Matches
Rk,Player,Nation,Pos,Squad,Age,Born,MP,Starts,Min,90s,Gls,Ast,G+A,G-PK,PK,PKatt,CrdY,CrdR,xG,npxG,xAG,npxG+xAG,PrgC,PrgP,PrgR,Gls,Ast,G+A,G-PK,G+A-PK,xG,xAG,xG+xAG,npxG,npxG+xAG,Matches
151,Samuel Edozie,eng ENG,"DF,FW",Southampton,22-047,2003,2,0,65,0.7,0,0,0,0,0,0,1,0,0,0,0.1,0.1,6,4,23,0,0,0,0,0,0,0.14,0.14,0,0.14,Matches
152,Ronnie Edwards,eng ENG,DF,Southampton,21-353,2003,1,0,12,0.1,0,0,0,0,0,0,0,0,0,0,0,0,0,0,0,0,0,0,0,0,0,0,0,0,0,Matches
153,Anthony Elanga,se SWE,"FW,MF",Nott'ham Forest,22-323,2002,29,23,"1,845",20.5,5,8,13,5,0,0,1,0,3.7,3.7,4.3,8,76,41,150,0.24,0.39,0.63,0.24,0.63,0.18,0.21,0.39,0.18,0.39,Matches
154,Harvey Elliott,eng ENG,"MF,FW",Liverpool,21-346,2003,11,0,128,1.4,0,1,1,0,0,0,0,0,0.2,0.2,0.8,1,7,17,14,0,0.7,0.7,0,0.7,0.14,0.54,0.68,0.14,0.68,Matches
155,Yunus Emre Konak,tr TUR,"FW,MF",Brentford,19-065,2006,7,0,31,0.3,0,0,0,0,0,0,0,0,0.2,0.2,0,0.2,1,2,1,0,0,0,0,0,0.44,0,0.44,0.44,0.44,Matches
156,Julio Enciso,py PAR,"MF,FW",Ipswich Town,21-052,2004,5,4,269,3,0,1,1,0,0,0,2,0,0.6,0.6,0.4,0.9,7,11,17,0,0.33,0.33,0,0.33,0.19,0.12,0.31,0.19,0.31,Matches
157,Julio Enciso,py PAR,"MF,FW",Brighton,21-052,2004,12,2,294,3.3,0,0,0,0,0,0,0,0,1,1,0.2,1.2,11,14,17,0,0,0,0,0,0.31,0.07,0.38,0.31,0.38,Matches
158,Wataru Endo,jp JPN,MF,Liverpool,32-035,1993,14,0,147,1.6,0,0,0,0,0,0,0,0,0,0,0,0,0,9,1,0,0,0,0,0,0,0.01,0.01,0,0.01,Matches
159,Christian Eriksen,dk DEN,MF,Manchester Utd,33-030,1992,15,8,713,7.9,0,1,1,0,0,0,2,0,0.1,0.1,2.1,2.2,5,35,20,0,0.13,0.13,0,0.13,0.01,0.26,0.27,0.01,0.27,Matches
160,Romain Esse,eng ENG,MF,Crystal Palace,19-307,2005,2,0,8,0.1,1,0,1,1,0,0,0,0,0.3,0.3,0,0.3,0,1,2,11.25,0,11.25,11.25,11.25,3.21,0,3.21,3.21,3.21,Matches
161,Pervis Estupiñán,ec ECU,DF,Brighton,27-054,1998,22,18,"1,692",18.8,1,1,2,1,0,0,3,0,0.6,0.6,1.8,2.5,43,76,83,0.05,0.05,0.11,0.05,0.11,0.03,0.1,0.13,0.03,0.13,Matches
162,Evanilson,br BRA,FW,Bournemouth,25-161,1999,22,19,"1,544",17.2,6,0,6,6,0,1,0,0,7.9,7.1,1.4,8.5,22,15,72,0.35,0,0.35,0.35,0.35,0.46,0.08,0.54,0.41,0.49,Matches
163,Jonny Evans,nir NIR,DF,Manchester Utd,37-072,1988,6,3,290,3.2,0,0,0,0,0,0,1,0,0.1,0.1,0,0.1,1,8,2,0,0,0,0,0,0.03,0,0.03,0.03,0.03,Matches
164,Eberechi Eze,eng ENG,"MF,FW",Crystal Palace,26-260,1998,24,22,"1,924",21.4,2,6,8,2,0,0,1,0,6.1,6.1,4.6,10.7,56,80,127,0.09,0.28,0.37,0.09,0.37,0.29,0.21,0.5,0.29,0.5,Matches
165,Łukasz Fabiański,pl POL,GK,West Ham,39-332,1985,13,12,"1,070",11.9,0,0,0,0,0,0,2,0,0,0,0,0,0,0,0,0,0,0,0,0,0,0,0,0,0,Matches
166,Wout Faes,be BEL,DF,Leicester City,26-347,1998,25,21,"2,005",22.3,1,0,1,1,0,0,3,0,1.2,1.2,0.1,1.2,11,65,1,0.04,0,0.04,0.04,0.04,0.05,0,0.06,0.05,0.06,Matches
167,Abdul Fatawu Issahaku,gh GHA,FW,Leicester City,21-008,2004,11,6,579,6.4,0,2,2,0,0,0,0,0,0.4,0.4,1.6,2,42,17,60,0,0.31,0.31,0,0.31,0.06,0.24,0.31,0.06,0.31,Matches
168,João Félix,pt POR,"FW,MF",Chelsea,25-126,1999,12,3,369,4.1,1,1,2,1,0,0,2,0,2.2,2.2,1,3.2,21,26,30,0.24,0.24,0.49,0.24,0.49,0.54,0.23,0.78,0.54,0.78,Matches
169,Evan Ferguson,ie IRL,FW,West Ham,20-148,2004,5,0,95,1.1,0,0,0,0,0,0,0,0,0.2,0.2,0.3,0.6,1,0,5,0,0,0,0,0,0.24,0.29,0.52,0.24,0.52,Matches
170,Evan Ferguson,ie IRL,FW,Brighton,20-148,2004,13,2,246,2.7,1,0,1,1,0,0,0,0,0.5,0.5,0.4,1,2,1,9,0.37,0,0.37,0.37,0.37,0.2,0.15,0.35,0.2,0.35,Matches
171,Bruno Fernandes,pt POR,MF,Manchester Utd,30-189,1994,27,27,"2,285",25.4,7,7,14,4,3,3,4,2,8.3,6,5.7,11.7,55,225,107,0.28,0.28,0.55,0.16,0.43,0.33,0.23,0.55,0.23,0.46,Matches
172,Mateus Fernandes,pt POR,MF,Southampton,20-249,2004,27,25,"2,141",23.8,1,2,3,1,0,0,7,0,3.1,3.1,2,5.2,62,107,76,0.04,0.08,0.13,0.04,0.13,0.13,0.09,0.22,0.13,0.22,Matches
173,Enzo Fernández,ar ARG,MF,Chelsea,24-058,2001,26,22,"2,051",22.8,4,5,9,4,0,0,6,0,4.4,4.4,5,9.4,39,153,83,0.18,0.22,0.39,0.18,0.39,0.19,0.22,0.41,0.19,0.41,Matches
174,Mark Flekken,nl NED,GK,Brentford,31-276,1993,28,28,"2,465",27.4,0,1,1,0,0,0,1,0,0,0,0.2,0.2,0,0,0,0,0.04,0.04,0,0.04,0,0.01,0.01,0,0.01,Matches
175,Phil Foden,eng ENG,"MF,FW",Manchester City,24-292,2000,24,18,"1,629",18.1,7,2,9,7,0,0,2,0,4.9,4.9,4.7,9.5,46,94,116,0.39,0.11,0.5,0.39,0.5,0.27,0.26,0.53,0.27,0.53,Matches
Rk,Player,Nation,Pos,Squad,Age,Born,MP,Starts,Min,90s,Gls,Ast,G+A,G-PK,PK,PKatt,CrdY,CrdR,xG,npxG,xAG,npxG+xAG,PrgC,PrgP,PrgR,Gls,Ast,G+A,G-PK,G+A-PK,xG,xAG,xG+xAG,npxG,npxG+xAG,Matches
176,Wesley Fofana,fr FRA,DF,Chelsea,24-089,2000,13,13,"1,087",12.1,0,0,0,0,0,0,6,0,0.4,0.4,0.4,0.8,17,30,4,0,0,0,0,0,0.04,0.03,0.07,0.03,0.07,Matches
177,Carlos Forbs,pt POR,"MF,FW",Wolves,20-362,2004,9,1,237,2.6,0,0,0,0,0,0,2,0,0.1,0.1,0,0.2,9,8,28,0,0,0,0,0,0.05,0.01,0.07,0.05,0.07,Matches
178,Fraser Forster,eng ENG,GK,Tottenham,36-364,1988,7,7,630,7,0,0,0,0,0,0,0,0,0,0,0,0,0,0,0,0,0,0,0,0,0,0,0,0,0,Matches
179,Ryan Fraser,sct SCO,"FW,DF",Southampton,31-020,1994,8,4,306,3.4,0,0,0,0,0,0,0,1,0,0,0.1,0.1,10,8,18,0,0,0,0,0,0.01,0.03,0.04,0.01,0.04,Matches
180,Niclas Füllkrug,de GER,FW,West Ham,32-035,1993,9,3,370,4.1,2,1,3,2,0,0,1,0,1.4,1.4,1,2.4,3,4,8,0.49,0.24,0.73,0.49,0.73,0.35,0.24,0.59,0.35,0.59,Matches
181,Cody Gakpo,nl NED,FW,Liverpool,25-313,1999,26,16,"1,411",15.7,8,3,11,8,0,0,4,0,6,6,3.5,9.4,38,44,212,0.51,0.19,0.7,0.51,0.7,0.38,0.22,0.6,0.38,0.6,Matches
182,Idrissa Gana Gueye,sn SEN,MF,Everton,35-171,1989,28,26,"2,267",25.2,0,3,3,0,0,0,6,0,1,1,1.5,2.5,18,109,20,0,0.12,0.12,0,0.12,0.04,0.06,0.1,0.04,0.1,Matches
183,Andrés García,es ESP,"DF,MF",Aston Villa,22-037,2003,5,4,267,3,0,0,0,0,0,0,0,0,0,0,0.1,0.1,22,12,19,0,0,0,0,0,0.01,0.03,0.04,0.01,0.04,Matches
184,Alejandro Garnacho,ar ARG,"FW,MF",Manchester Utd,20-258,2004,27,16,"1,574",17.5,3,1,4,3,0,0,1,0,5.6,5.6,2.6,8.2,95,36,207,0.17,0.06,0.23,0.17,0.23,0.32,0.15,0.47,0.32,0.47,Matches
185,James Garner,eng ENG,"MF,DF",Everton,24-003,2001,12,9,861,9.6,0,1,1,0,0,0,3,0,0.1,0.1,1,1.1,7,25,17,0,0.1,0.1,0,0.1,0.02,0.1,0.12,0.02,0.12,Matches
186,Tyrique George,eng ENG,FW,Chelsea,19-040,2006,4,0,74,0.8,0,1,1,0,0,0,1,0,0.1,0.1,0.6,0.7,8,2,12,0,1.22,1.22,0,1.22,0.16,0.75,0.91,0.16,0.91,Matches
187,Morgan Gibbs-White,eng ENG,MF,Nott'ham Forest,25-048,2000,25,25,"2,018",22.4,5,7,12,5,0,0,8,1,3.9,3.9,4.3,8.2,55,126,101,0.22,0.31,0.54,0.22,0.54,0.17,0.19,0.36,0.17,0.36,Matches
188,Billy Gilmour,sct SCO,MF,Brighton,23-278,2001,2,1,98,1.1,0,0,0,0,0,0,0,0,0.1,0.1,0,0.1,2,11,2,0,0,0,0,0,0.07,0,0.07,0.07,0.07,Matches
189,Ben Godfrey,eng ENG,DF,Ipswich Town,27-060,1998,2,2,108,1.2,0,0,0,0,0,0,1,0,0,0,0,0,2,4,1,0,0,0,0,0,0,0,0,0,0,Matches
190,Martial Godo,eng ENG,FW,Fulham,22-002,2003,1,0,16,0.2,0,0,0,0,0,0,0,0,0,0,0,0,0,0,3,0,0,0,0,0,0,0,0,0,0,Matches
191,João Gomes,br BRA,MF,Wolves,24-032,2001,27,27,"2,249",25,3,1,4,3,0,0,9,1,2.3,2.3,1.1,3.4,43,130,57,0.12,0.04,0.16,0.12,0.16,0.09,0.04,0.14,0.09,0.14,Matches
192,Rodrigo Gomes,pt POR,"DF,FW",Wolves,21-252,2003,17,6,569,6.3,1,0,1,1,0,0,0,0,0.4,0.4,0.7,1.1,17,22,57,0.16,0,0.16,0.16,0.16,0.06,0.11,0.17,0.06,0.17,Matches
193,Toti Gomes,pt POR,DF,Wolves,26-059,1999,22,21,"1,804",20,0,1,1,0,0,0,4,0,0.1,0.1,0.8,0.9,18,55,11,0,0.05,0.05,0,0.05,0,0.04,0.05,0,0.05,Matches
194,Diego Gómez,py PAR,MF,Brighton,21-354,2003,7,2,254,2.8,0,0,0,0,0,0,0,0,0.3,0.3,0.4,0.7,5,14,7,0,0,0,0,0,0.11,0.14,0.25,0.11,0.25,Matches
195,Joe Gomez,eng ENG,DF,Liverpool,27-297,1997,9,6,519,5.8,0,0,0,0,0,0,1,0,0.3,0.3,0.1,0.4,5,35,2,0,0,0,0,0,0.06,0.02,0.08,0.06,0.08,Matches
196,Nicolás González,es ESP,MF,Manchester City,23-072,2002,5,5,390,4.3,0,0,0,0,0,0,1,0,0.2,0.2,0.1,0.3,5,28,8,0,0,0,0,0,0.05,0.01,0.07,0.05,0.07,Matches
197,Anthony Gordon,eng ENG,FW,Newcastle Utd,24-020,2001,26,25,"2,108",23.4,6,5,11,5,1,2,2,0,7.8,6.3,4.9,11.2,104,88,187,0.26,0.21,0.47,0.21,0.43,0.34,0.21,0.54,0.27,0.48,Matches
198,Ryan Gravenberch,nl NED,MF,Liverpool,22-304,2002,29,29,"2,471",27.5,0,2,2,0,0,0,5,0,0.9,0.9,2.8,3.7,54,138,44,0,0.07,0.07,0,0.07,0.03,0.1,0.13,0.03,0.13,Matches
199,Archie Gray,eng ENG,DF,Tottenham,19-004,2006,20,12,"1,155",12.8,0,0,0,0,0,0,0,0,0,0,0,0.1,3,27,7,0,0,0,0,0,0,0,0,0,0,Matches
200,Jack Grealish,eng ENG,"FW,MF",Manchester City,29-187,1995,16,6,609,6.8,0,1,1,0,0,0,3,0,0.8,0.8,1.7,2.4,66,43,111,0,0.15,0.15,0,0.15,0.12,0.25,0.36,0.12,0.36,Matches
Rk,Player,Nation,Pos,Squad,Age,Born,MP,Starts,Min,90s,Gls,Ast,G+A,G-PK,PK,PKatt,CrdY,CrdR,xG,npxG,xAG,npxG+xAG,PrgC,PrgP,PrgR,Gls,Ast,G+A,G-PK,G+A-PK,xG,xAG,xG+xAG,npxG,npxG+xAG,Matches
201,Jacob Greaves,eng ENG,DF,Ipswich Town,24-185,2000,19,19,"1,665",18.5,1,0,1,1,0,0,4,0,1.2,1.2,0,1.3,6,48,4,0.05,0,0.05,0.05,0.05,0.07,0,0.07,0.07,0.07,Matches
202,Brajan Gruda,de GER,"FW,MF",Brighton,20-289,2004,13,5,387,4.3,0,1,1,0,0,0,0,0,0.3,0.3,0.6,0.9,14,14,41,0,0.23,0.23,0,0.23,0.07,0.15,0.22,0.07,0.22,Matches
203,Albert Grønbaek,dk DEN,"FW,MF",Southampton,23-297,2001,4,2,143,1.6,0,0,0,0,0,0,0,0,0.1,0.1,0,0.1,1,1,3,0,0,0,0,0,0.07,0.01,0.08,0.07,0.08,Matches
204,Gonçalo Guedes,pt POR,"MF,FW",Wolves,28-107,1996,24,7,770,8.6,2,4,6,2,0,0,1,0,2.2,2.2,1.1,3.3,31,30,58,0.23,0.47,0.7,0.23,0.7,0.25,0.13,0.38,0.25,0.38,Matches
205,Marc Guéhi,eng ENG,DF,Crystal Palace,24-246,2000,27,27,"2,430",27,3,2,5,3,0,0,7,0,1.6,1.6,1.1,2.7,15,109,8,0.11,0.07,0.19,0.11,0.19,0.06,0.04,0.1,0.06,0.1,Matches
206,Luis Guilherme,br BRA,"MF,FW",West Ham,19-035,2006,7,0,57,0.6,0,0,0,0,0,0,0,0,0,0,0,0.1,1,2,6,0,0,0,0,0,0.05,0.08,0.13,0.05,0.13,Matches
207,Bruno Guimarães,br BRA,MF,Newcastle Utd,27-120,1997,28,28,"2,423",26.9,3,6,9,3,0,0,4,0,2.8,2.8,5.1,7.9,39,197,63,0.11,0.22,0.33,0.11,0.33,0.1,0.19,0.29,0.1,0.29,Matches
208,Marc Guiu,es ESP,FW,Chelsea,19-071,2006,3,0,73,0.8,0,0,0,0,0,0,0,0,0,0,0,0,0,0,3,0,0,0,0,0,0,0.04,0.04,0,0.04,Matches
209,İlkay Gündoğan,de GER,MF,Manchester City,34-143,1990,25,17,"1,535",17.1,0,3,3,0,0,0,1,0,1.7,1.7,2.3,4.1,40,98,63,0,0.18,0.18,0,0.18,0.1,0.14,0.24,0.1,0.24,Matches
210,Malo Gusto,fr FRA,DF,Chelsea,21-301,2003,23,17,"1,546",17.2,0,1,1,0,0,0,3,0,1.6,1.6,1,2.5,38,91,73,0,0.06,0.06,0,0.06,0.09,0.06,0.15,0.09,0.15,Matches
211,Joško Gvardiol,hr CRO,DF,Manchester City,23-052,2002,28,27,"2,468",27.4,5,0,5,5,0,0,1,0,4.2,3.8,1.9,5.8,73,205,95,0.18,0,0.18,0.18,0.18,0.15,0.07,0.22,0.14,0.21,Matches
212,Erling Haaland,no NOR,FW,Manchester City,24-238,2000,28,28,"2,480",27.6,21,3,24,19,2,3,2,0,20.8,18.4,2.8,21.2,19,18,103,0.76,0.11,0.87,0.69,0.8,0.76,0.1,0.86,0.67,0.77,Matches
213,Lewis Hall,eng ENG,DF,Newcastle Utd,20-189,2004,27,24,"2,189",24.3,0,4,4,0,0,0,3,0,0.4,0.4,4.3,4.7,41,123,80,0,0.16,0.16,0,0.16,0.02,0.18,0.19,0.02,0.19,Matches
214,Ali Al Hamadi,iq IRQ,FW,Ipswich Town,23-015,2002,11,0,134,1.5,0,0,0,0,0,0,3,0,0.4,0.4,0.1,0.4,4,3,14,0,0,0,0,0,0.24,0.05,0.28,0.24,0.28,Matches
215,Marcus Harness,eng ENG,MF,Ipswich Town,29-020,1996,2,0,45,0.5,0,0,0,0,0,0,0,0,0,0,0,0,0,2,1,0,0,0,0,0,0,0,0,0,0,Matches
216,Jack Harrison,eng ENG,FW,Everton,28-116,1996,25,17,"1,504",16.7,1,0,1,1,0,0,0,0,3.1,3.1,3.2,6.3,45,36,90,0.06,0,0.06,0.06,0.06,0.18,0.19,0.37,0.18,0.37,Matches
217,Taylor Harwood-Bellis,eng ENG,DF,Southampton,23-045,2002,26,24,"2,120",23.6,1,0,1,1,0,0,7,0,1.7,1.7,0.8,2.5,25,102,8,0.04,0,0.04,0.04,0.04,0.07,0.03,0.11,0.07,0.11,Matches
218,Kai Havertz,de GER,"FW,MF",Arsenal,25-278,1999,21,21,"1,839",20.4,9,3,12,9,0,0,4,0,9.4,9.4,2.4,11.8,34,59,110,0.44,0.15,0.59,0.44,0.59,0.46,0.12,0.58,0.46,0.58,Matches
219,Ayden Heaven,eng ENG,DF,Manchester Utd,18-175,2006,1,0,45,0.5,0,0,0,0,0,0,0,0,0,0,0,0,0,0,1,0,0,0,0,0,0,0,0,0,0,Matches
220,Jan Paul van Hecke,nl NED,DF,Brighton,24-281,2000,27,26,"2,330",25.9,1,1,2,1,0,0,5,0,1.2,1.2,1.5,2.7,45,184,5,0.04,0.04,0.08,0.04,0.08,0.05,0.06,0.1,0.05,0.1,Matches
221,Hwang Hee-chan,kr KOR,"MF,FW",Wolves,29-049,1996,18,5,637,7.1,2,0,2,2,0,0,0,0,0.8,0.8,0.1,0.9,14,11,40,0.28,0,0.28,0.28,0.28,0.11,0.02,0.13,0.11,0.13,Matches
222,Dean Henderson,eng ENG,GK,Crystal Palace,28-004,1997,28,28,"2,520",28,0,0,0,0,0,0,3,0,0,0,0,0,0,0,0,0,0,0,0,0,0,0,0,0,0,Matches
223,Rico Henry,eng ENG,DF,Brentford,27-251,1997,1,0,4,0,0,0,0,0,0,0,0,0,0,0,0,0,0,0,1,0,0,0,0,0,0,0,0,0,0,Matches
224,Mads Hermansen,dk DEN,GK,Leicester City,24-248,2000,21,21,"1,845",20.5,0,0,0,0,0,0,0,0,0,0,0,0,0,1,0,0,0,0,0,0,0,0,0,0,0,Matches
225,Son Heung-min,kr KOR,FW,Tottenham,32-251,1992,25,21,"1,813",20.1,7,9,16,6,1,2,1,0,6.5,4.9,8,12.8,78,90,227,0.35,0.45,0.79,0.3,0.74,0.32,0.39,0.72,0.24,0.64,Matches
Rk,Player,Nation,Pos,Squad,Age,Born,MP,Starts,Min,90s,Gls,Ast,G+A,G-PK,PK,PKatt,CrdY,CrdR,xG,npxG,xAG,npxG+xAG,PrgC,PrgP,PrgR,Gls,Ast,G+A,G-PK,G+A-PK,xG,xAG,xG+xAG,npxG,npxG+xAG,Matches
226,James Hill,eng ENG,DF,Bournemouth,23-065,2002,9,6,424,4.7,0,1,1,0,0,0,1,0,0.3,0.3,0.2,0.5,2,13,8,0,0.21,0.21,0,0.21,0.06,0.05,0.11,0.06,0.11,Matches
227,Jack Hinshelwood,eng ENG,"DF,MF",Brighton,19-339,2005,17,15,"1,255",13.9,2,0,2,2,0,0,3,0,1.4,1.4,0.8,2.1,13,45,34,0.14,0,0.14,0.14,0.14,0.1,0.05,0.15,0.1,0.15,Matches
228,George Hirst,eng ENG,FW,Ipswich Town,26-029,1999,17,1,271,3,2,1,3,2,0,0,1,0,1.1,1.1,0.3,1.3,5,9,20,0.66,0.33,1,0.66,1,0.36,0.09,0.44,0.36,0.44,Matches
229,Mason Holgate,eng ENG,"FW,DF",Everton,28-145,1996,1,0,6,0.1,0,0,0,0,0,0,0,0,0,0,0,0,0,0,0,0,0,0,0,0,0,0,0,0,0,Matches
230,Callum Hudson-Odoi,eng ENG,"FW,MF",Nott'ham Forest,24-129,2000,25,22,"1,894",21,5,2,7,5,0,0,2,0,2.2,2.2,2.4,4.5,107,59,170,0.24,0.1,0.33,0.24,0.33,0.1,0.11,0.21,0.1,0.21,Matches
231,Will Hughes,eng ENG,MF,Crystal Palace,29-333,1995,24,19,"1,641",18.2,0,3,3,0,0,0,10,0,0.9,0.9,2.5,3.4,18,79,24,0,0.16,0.16,0,0.16,0.05,0.14,0.19,0.05,0.19,Matches
232,Dean Huijsen,es ESP,DF,Bournemouth,19-336,2005,23,18,"1,694",18.8,2,0,2,2,0,0,6,0,1.6,1.6,1.1,2.8,26,79,4,0.11,0,0.11,0.11,0.11,0.09,0.06,0.15,0.09,0.15,Matches
233,Omari Hutchinson,eng ENG,"MF,FW",Ipswich Town,21-137,2003,27,26,"2,223",24.7,3,2,5,3,0,0,5,0,2.3,2.3,2.5,4.8,71,69,131,0.12,0.08,0.2,0.12,0.2,0.09,0.1,0.19,0.09,0.19,Matches
234,Rasmus Højlund,dk DEN,FW,Manchester Utd,22-040,2003,23,16,"1,350",15,2,0,2,2,0,0,2,0,2.7,2.7,1.1,3.9,20,14,67,0.13,0,0.13,0.13,0.13,0.18,0.08,0.26,0.18,0.26,Matches
235,Igor,br BRA,DF,Brighton,27-037,1998,12,9,903,10,0,0,0,0,0,0,4,0,0,0,0.2,0.2,9,44,0,0,0,0,0,0,0,0.02,0.02,0,0.02,Matches
236,Danny Ings,eng ENG,"FW,MF",West Ham,32-236,1992,15,1,284,3.2,1,2,3,1,0,0,0,0,2.3,2.3,1.3,3.5,6,5,29,0.32,0.63,0.95,0.32,0.95,0.72,0.41,1.12,0.72,1.12,Matches
237,Tim Iroegbunam,eng ENG,MF,Everton,21-259,2003,13,4,477,5.3,0,1,1,0,0,0,3,0,0.2,0.2,0.2,0.4,7,13,9,0,0.19,0.19,0,0.19,0.04,0.04,0.08,0.04,0.08,Matches
238,Andy Irving,sct SCO,MF,West Ham,24-307,2000,10,1,166,1.8,0,0,0,0,0,0,2,0,0.1,0.1,0.2,0.4,0,9,4,0,0,0,0,0,0.06,0.13,0.19,0.06,0.19,Matches
239,Alexander Isak,se SWE,FW,Newcastle Utd,25-176,1999,25,25,"2,052",22.8,19,5,24,17,2,2,1,0,15.6,14,3.8,17.7,64,61,164,0.83,0.22,1.05,0.75,0.96,0.68,0.17,0.85,0.61,0.78,Matches
240,Alex Iwobi,ng NGA,"FW,MF",Fulham,28-317,1996,28,27,"2,296",25.5,7,4,11,7,0,0,1,0,3.8,3.8,5.7,9.4,110,166,191,0.27,0.16,0.43,0.27,0.43,0.15,0.22,0.37,0.15,0.37,Matches
241,Nicolas Jackson,sn SEN,FW,Chelsea,23-269,2001,23,22,"1,736",19.3,9,5,14,9,0,0,5,0,11.4,11.4,4,15.4,41,27,94,0.47,0.26,0.73,0.47,0.73,0.59,0.21,0.8,0.59,0.8,Matches
242,Reece James,eng ENG,"DF,MF",Chelsea,25-098,1999,10,7,600,6.7,1,0,1,1,0,0,1,0,0.2,0.2,0.3,0.4,5,37,5,0.15,0,0.15,0.15,0.15,0.02,0.04,0.07,0.02,0.07,Matches
243,Vitaly Janelt,de GER,MF,Brentford,26-310,1998,28,25,"2,099",23.3,1,3,4,1,0,0,3,0,0.8,0.8,2.2,3,17,73,36,0.04,0.13,0.17,0.04,0.17,0.04,0.09,0.13,0.04,0.13,Matches
244,Vitezslav Jaros,cz CZE,GK,Liverpool,23-236,2001,1,0,12,0.1,0,0,0,0,0,0,0,0,0,0,0,0,0,0,0,0,0,0,0,0,0,0,0,0,0,Matches
245,Daniel Jebbison,eng ENG,FW,Bournemouth,21-215,2003,9,0,70,0.8,0,0,0,0,0,0,1,0,0.2,0.2,0.2,0.4,2,3,8,0,0,0,0,0,0.27,0.25,0.52,0.27,0.52,Matches
246,Mathias Jensen,dk DEN,MF,Brentford,29-074,1996,16,8,736,8.2,0,1,1,0,0,0,1,0,0.2,0.2,1.5,1.7,6,52,25,0,0.12,0.12,0,0.12,0.03,0.18,0.21,0.03,0.21,Matches
247,Gabriel Jesus,br BRA,FW,Arsenal,27-347,1997,17,6,608,6.8,3,0,3,3,0,0,4,0,3,3,0.7,3.7,15,19,57,0.44,0,0.44,0.44,0.44,0.44,0.1,0.54,0.44,0.54,Matches
248,Raúl Jiménez,mx MEX,FW,Fulham,33-315,1991,28,22,"1,774",19.7,10,3,13,7,3,3,3,0,10.3,7.9,2.7,10.6,28,42,98,0.51,0.15,0.66,0.36,0.51,0.52,0.14,0.66,0.4,0.54,Matches
249,Kim Jisoo,kr KOR,DF,Brentford,20-082,2004,3,0,30,0.3,0,0,0,0,0,0,0,0,0,0,0,0,0,2,0,0,0,0,0,0,0,0,0,0,0,Matches
250,João Pedro,br BRA,"FW,MF",Brighton,23-171,2001,23,20,"1,699",18.9,8,6,14,5,3,3,4,0,7.1,4.7,4.3,9,60,65,110,0.42,0.32,0.74,0.26,0.58,0.37,0.23,0.6,0.25,0.47,Matches
Rk,Player,Nation,Pos,Squad,Age,Born,MP,Starts,Min,90s,Gls,Ast,G+A,G-PK,PK,PKatt,CrdY,CrdR,xG,npxG,xAG,npxG+xAG,PrgC,PrgP,PrgR,Gls,Ast,G+A,G-PK,G+A-PK,xG,xAG,xG+xAG,npxG,npxG+xAG,Matches
251,Joelinton,br BRA,"MF,FW",Newcastle Utd,28-214,1996,24,24,"2,004",22.3,4,1,5,4,0,0,9,0,3.7,3.7,1.6,5.3,35,104,97,0.18,0.04,0.22,0.18,0.22,0.17,0.07,0.24,0.17,0.24,Matches
252,Ben Johnson,eng ENG,"DF,FW",Ipswich Town,25-051,2000,17,9,953,10.6,0,1,1,0,0,0,3,0,0.7,0.7,0.6,1.3,12,20,20,0,0.09,0.09,0,0.09,0.06,0.06,0.12,0.06,0.12,Matches
253,Brennan Johnson,wls WAL,FW,Tottenham,23-297,2001,25,19,"1,717",19.1,9,2,11,9,0,0,4,0,9.2,9.2,1.6,10.8,52,57,165,0.47,0.1,0.58,0.47,0.58,0.48,0.08,0.57,0.48,0.57,Matches
254,Sam Johnstone,eng ENG,GK,Wolves,31-356,1993,7,7,630,7,0,0,0,0,0,0,0,0,0,0,0,0,0,0,0,0,0,0,0,0,0,0,0,0,0,Matches
255,Curtis Jones,eng ENG,"MF,FW",Liverpool,24-045,2001,24,13,"1,167",13,3,3,6,3,0,0,3,1,4,4,0.9,4.9,14,65,55,0.23,0.23,0.46,0.23,0.46,0.31,0.07,0.38,0.31,0.38,Matches
256,Jorginho,it ITA,MF,Arsenal,33-086,1991,12,7,543,6,0,0,0,0,0,0,4,0,0,0,0.4,0.5,9,37,3,0,0,0,0,0,0.01,0.07,0.08,0.01,0.08,Matches
257,Diogo Jota,pt POR,FW,Liverpool,28-102,1996,18,10,844,9.4,5,3,8,5,0,0,1,0,6.1,6.1,1.7,7.8,31,23,67,0.53,0.32,0.85,0.53,0.85,0.65,0.19,0.84,0.65,0.84,Matches
258,James Justin,eng ENG,DF,Leicester City,27-021,1998,26,26,"2,192",24.4,2,1,3,2,0,0,3,0,1.5,1.5,0.5,2,32,65,76,0.08,0.04,0.12,0.08,0.12,0.06,0.02,0.08,0.06,0.08,Matches
259,Filip Jørgensen,dk DEN,GK,Chelsea,22-334,2002,6,6,540,6,0,0,0,0,0,0,0,0,0,0,0,0,0,0,0,0,0,0,0,0,0,0,0,0,0,Matches
260,Ferdi Kadioglu,tr TUR,"DF,MF",Brighton,25-160,1999,6,5,385,4.3,1,0,1,1,0,0,1,0,0.4,0.4,0.2,0.6,1,15,27,0.23,0,0.23,0.23,0.23,0.1,0.04,0.14,0.1,0.14,Matches
261,Daichi Kamada,jp JPN,MF,Crystal Palace,28-223,1996,24,10,986,11,0,0,0,0,0,0,2,1,0.8,0.8,1.1,1.9,17,58,41,0,0,0,0,0,0.08,0.1,0.18,0.08,0.18,Matches
262,Boubacar Kamara,fr FRA,MF,Aston Villa,25-113,1999,17,13,"1,081",12,0,0,0,0,0,0,2,0,0.3,0.3,0.3,0.5,11,57,3,0,0,0,0,0,0.02,0.02,0.04,0.02,0.04,Matches
263,Michael Kayode,it ITA,DF,Brentford,20-249,2004,4,0,33,0.4,0,0,0,0,0,0,0,0,0,0,0.2,0.2,2,1,6,0,0,0,0,0,0,0.41,0.41,0,0.41,Matches
264,Michael Keane,eng ENG,DF,Everton,32-064,1993,10,9,813,9,2,0,2,2,0,0,4,0,0.4,0.4,0.1,0.5,1,12,3,0.22,0,0.22,0.22,0.22,0.05,0.01,0.06,0.05,0.06,Matches
265,Caoimhín Kelleher,ie IRL,GK,Liverpool,26-113,1998,8,8,720,8,0,0,0,0,0,0,0,0,0,0,0,0,0,0,0,0,0,0,0,0,0,0,0,0,0,Matches
266,Lloyd Kelly,eng ENG,DF,Newcastle Utd,26-161,1998,10,4,303,3.4,0,1,1,0,0,0,2,0,0.4,0.4,0.5,0.9,0,9,5,0,0.3,0.3,0,0.3,0.12,0.14,0.26,0.12,0.26,Matches
267,Milos Kerkez,hu HUN,DF,Bournemouth,21-129,2003,29,29,"2,537",28.2,2,5,7,2,0,0,4,0,0.5,0.4,3.2,3.6,74,121,141,0.07,0.18,0.25,0.07,0.25,0.02,0.11,0.13,0.02,0.13,Matches
268,Bilal El Khannouss,ma MAR,MF,Leicester City,20-310,2004,23,18,"1,437",16,2,1,3,2,0,0,2,0,0.6,0.6,2.3,2.9,47,90,61,0.13,0.06,0.19,0.13,0.19,0.04,0.14,0.18,0.04,0.18,Matches
269,Abdukodir Khusanov,uz UZB,DF,Manchester City,21-015,2004,6,6,503,5.6,0,0,0,0,0,0,1,0,0,0,0.1,0.1,1,25,2,0,0,0,0,0,0,0.02,0.02,0,0.02,Matches
270,Max Kilman,eng ENG,DF,West Ham,27-297,1997,29,29,"2,538",28.2,0,1,1,0,0,0,3,0,1.4,1.4,1,2.4,25,95,5,0,0.04,0.04,0,0.04,0.05,0.04,0.09,0.05,0.09,Matches
271,Joshua King,eng ENG,"MF,FW",Fulham,18-072,2007,5,1,80,0.9,0,0,0,0,0,0,0,0,0.2,0.2,0.4,0.6,1,4,9,0,0,0,0,0,0.22,0.48,0.7,0.22,0.7,Matches
272,Antonín Kinský,cz CZE,GK,Tottenham,22-003,2003,4,4,360,4,0,0,0,0,0,0,0,0,0,0,0.1,0.1,1,1,0,0,0,0,0,0,0,0.02,0.02,0,0.02,Matches
273,Jakub Kiwior,pl POL,DF,Arsenal,25-029,2000,8,2,327,3.6,0,0,0,0,0,0,0,0,0,0,0.1,0.1,1,8,0,0,0,0,0,0,0,0.02,0.02,0,0.02,Matches
274,Justin Kluivert,nl NED,"MF,FW",Bournemouth,25-315,1999,28,24,"1,936",21.5,12,6,18,6,6,6,6,0,9.9,5.1,4.7,9.9,64,88,132,0.56,0.28,0.84,0.28,0.56,0.46,0.22,0.68,0.24,0.46,Matches
275,Ibrahima Konaté,fr FRA,DF,Liverpool,25-295,1999,23,22,"1,894",21,1,2,3,1,0,0,5,0,1.1,1.1,0.9,2,18,87,2,0.05,0.1,0.14,0.05,0.14,0.05,0.04,0.09,0.05,0.09,Matches
Rk,Player,Nation,Pos,Squad,Age,Born,MP,Starts,Min,90s,Gls,Ast,G+A,G-PK,PK,PKatt,CrdY,CrdR,xG,npxG,xAG,npxG+xAG,PrgC,PrgP,PrgR,Gls,Ast,G+A,G-PK,G+A-PK,xG,xAG,xG+xAG,npxG,npxG+xAG,Matches
276,Ezri Konsa,eng ENG,DF,Aston Villa,27-144,1997,25,25,"2,171",24.1,1,0,1,1,0,0,0,0,0.7,0.7,0.2,0.8,16,59,11,0.04,0,0.04,0.04,0.04,0.03,0.01,0.03,0.03,0.03,Matches
277,Mateo Kovačić,hr CRO,MF,Manchester City,30-314,1994,24,19,"1,681",18.7,4,1,5,4,0,0,5,0,1.4,1.4,3.4,4.8,44,122,14,0.21,0.05,0.27,0.21,0.27,0.08,0.18,0.26,0.08,0.26,Matches
278,Caleb Kporha,eng ENG,DF,Crystal Palace,18-244,2006,2,0,13,0.1,0,0,0,0,0,0,0,0,0,0,0,0,1,0,0,0,0,0,0,0,0,0,0,0,0,Matches
279,Emil Krafth,se SWE,DF,Newcastle Utd,30-226,1994,4,2,242,2.7,0,0,0,0,0,0,0,0,0,0,0.1,0.1,0,1,0,0,0,0,0,0,0.01,0.03,0.05,0.01,0.05,Matches
280,Mohammed Kudus,gh GHA,"MF,FW",West Ham,24-226,2000,24,24,"1,994",22.2,3,1,4,3,0,0,0,1,5.9,5.9,2.1,8,79,64,167,0.14,0.05,0.18,0.14,0.18,0.26,0.1,0.36,0.26,0.36,Matches
281,Dejan Kulusevski,se SWE,"MF,FW",Tottenham,24-325,2000,27,24,"2,154",23.9,7,4,11,7,0,0,3,0,4.1,4.1,6.1,10.2,115,118,199,0.29,0.17,0.46,0.29,0.46,0.17,0.25,0.43,0.17,0.43,Matches
282,Maxence Lacroix,fr FRA,DF,Crystal Palace,24-344,2000,25,25,"2,245",24.9,1,1,2,1,0,0,4,0,2.5,2.5,0.4,2.9,8,51,5,0.04,0.04,0.08,0.04,0.08,0.1,0.02,0.12,0.1,0.12,Matches
283,Adam Lallana,eng ENG,MF,Southampton,36-310,1988,14,5,361,4,0,2,2,0,0,0,4,0,0.2,0.2,0.9,1.1,6,24,10,0,0.5,0.5,0,0.5,0.04,0.23,0.27,0.04,0.27,Matches
284,Tariq Lamptey,gh GHA,DF,Brighton,24-167,2000,13,9,765,8.5,2,2,4,2,0,0,0,0,0.4,0.4,0.8,1.2,25,12,40,0.24,0.24,0.47,0.24,0.47,0.05,0.09,0.14,0.05,0.14,Matches
285,Will Lankshear,eng ENG,"FW,MF",Tottenham,19-330,2005,3,0,11,0.1,0,0,0,0,0,0,0,0,0,0,0,0,0,0,1,0,0,0,0,0,0,0,0,0,0,Matches
286,Roméo Lavia,be BEL,MF,Chelsea,21-069,2004,10,8,532,5.9,0,1,1,0,0,0,4,0,0.2,0.2,0.7,0.9,3,17,6,0,0.17,0.17,0,0.17,0.03,0.12,0.15,0.03,0.15,Matches
287,Mario Lemina,ga GAB,"MF,DF",Wolves,31-196,1993,17,15,"1,364",15.2,1,3,4,1,0,0,4,0,1.4,1.4,1.1,2.5,8,48,21,0.07,0.2,0.26,0.07,0.26,0.09,0.07,0.17,0.09,0.17,Matches
288,Bernd Leno,de GER,GK,Fulham,33-012,1992,28,28,"2,520",28,0,1,1,0,0,0,3,0,0,0,0.1,0.1,0,0,0,0,0.04,0.04,0,0.04,0,0,0,0,0,Matches
289,Jefferson Lerma,co COL,MF,Crystal Palace,30-142,1994,23,18,"1,541",17.1,0,0,0,0,0,0,5,0,0.9,0.9,1.4,2.4,9,75,24,0,0,0,0,0,0.06,0.08,0.14,0.06,0.14,Matches
290,Rico Lewis,eng ENG,"DF,MF",Manchester City,20-115,2004,23,19,"1,702",18.9,1,2,3,1,0,0,5,1,1.4,1.4,0.3,1.7,36,97,63,0.05,0.11,0.16,0.05,0.16,0.07,0.02,0.09,0.07,0.09,Matches
291,Keane Lewis-Potter,eng ENG,"DF,FW",Brentford,24-022,2001,29,27,"2,369",26.3,1,2,3,1,0,0,4,0,2.5,2.5,2,4.5,86,82,129,0.04,0.08,0.11,0.04,0.11,0.09,0.08,0.17,0.09,0.17,Matches
292,Myles Lewis-Skelly,eng ENG,DF,Arsenal,18-171,2006,13,8,676,7.5,1,0,1,1,0,0,2,2,0,0,0.1,0.2,13,35,18,0.13,0,0.13,0.13,0.13,0.01,0.02,0.03,0.01,0.03,Matches
293,Matthijs de Ligt,nl NED,DF,Manchester Utd,25-216,1999,26,22,"1,909",21.2,2,0,2,2,0,0,3,0,2.3,2.3,0.3,2.6,7,49,6,0.09,0,0.09,0.09,0.09,0.11,0.01,0.12,0.11,0.12,Matches
294,Pedro Lima,br BRA,DF,Wolves,18-258,2006,3,1,70,0.8,0,0,0,0,0,0,0,0,0.1,0.1,0.1,0.1,4,4,11,0,0,0,0,0,0.07,0.09,0.16,0.07,0.16,Matches
295,Victor Lindelöf,se SWE,DF,Manchester Utd,30-242,1994,7,1,154,1.7,0,0,0,0,0,0,1,0,0,0,0.1,0.1,1,5,1,0,0,0,0,0,0,0.03,0.03,0,0.03,Matches
296,Jesper Lindstrøm,dk DEN,FW,Everton,25-015,2000,25,15,"1,239",13.8,0,1,1,0,0,0,2,0,2.1,2.1,2,4.1,30,25,81,0,0.07,0.07,0,0.07,0.15,0.15,0.3,0.15,0.3,Matches
297,Valentino Livramento,eng ENG,DF,Newcastle Utd,22-124,2002,27,22,"1,940",21.6,0,0,0,0,0,0,1,0,0.1,0.1,1.1,1.3,50,103,73,0,0,0,0,0,0.01,0.05,0.06,0.01,0.06,Matches
298,Sean Longstaff,eng ENG,MF,Newcastle Utd,27-137,1997,21,8,746,8.3,0,0,0,0,0,0,2,0,0.6,0.6,0.2,0.8,4,38,20,0,0,0,0,0,0.07,0.02,0.09,0.07,0.09,Matches
299,Saša Lukić,rs SRB,MF,Fulham,28-215,1996,22,21,"1,738",19.3,0,2,2,0,0,0,10,0,0.8,0.8,2.6,3.4,30,73,22,0,0.1,0.1,0,0.1,0.04,0.13,0.17,0.04,0.17,Matches
300,Joe Lumley,eng ENG,GK,Southampton,30-029,1995,3,3,270,3,0,0,0,0,0,0,0,0,0,0,0,0,0,0,0,0,0,0,0,0,0,0,0,0,0,Matches
Rk,Player,Nation,Pos,Squad,Age,Born,MP,Starts,Min,90s,Gls,Ast,G+A,G-PK,PK,PKatt,CrdY,CrdR,xG,npxG,xAG,npxG+xAG,PrgC,PrgP,PrgR,Gls,Ast,G+A,G-PK,G+A-PK,xG,xAG,xG+xAG,npxG,npxG+xAG,Matches
301,Massimo Luongo,au AUS,MF,Ipswich Town,32-172,1992,7,2,181,2,0,0,0,0,0,0,0,0,0,0,0,0,0,5,1,0,0,0,0,0,0,0,0,0,0,Matches
302,Ian Maatsen,nl NED,DF,Aston Villa,23-006,2002,22,4,617,6.9,0,1,1,0,0,0,2,0,0.2,0.2,1.6,1.8,19,33,61,0,0.15,0.15,0,0.15,0.04,0.23,0.27,0.04,0.27,Matches
303,Alexis Mac Allister,ar ARG,MF,Liverpool,26-082,1998,28,25,"2,111",23.5,3,3,6,3,0,0,6,0,2.3,2.3,3.6,5.9,30,146,61,0.13,0.13,0.26,0.13,0.26,0.1,0.15,0.25,0.1,0.25,Matches
304,James Maddison,eng ENG,MF,Tottenham,28-113,1996,26,17,"1,501",16.7,9,5,14,9,0,0,6,0,5.7,5.7,3.2,8.9,38,140,78,0.54,0.3,0.84,0.54,0.84,0.34,0.19,0.53,0.34,0.53,Matches
305,Noni Madueke,eng ENG,FW,Chelsea,23-006,2002,23,19,"1,453",16.1,7,3,10,7,0,0,3,0,7.6,7.6,3.6,11.2,110,53,179,0.43,0.19,0.62,0.43,0.62,0.47,0.22,0.69,0.47,0.69,Matches
306,Gabriel Magalhães,br BRA,DF,Arsenal,27-087,1997,26,26,"2,258",25.1,3,1,4,3,0,0,3,0,2.6,2.6,0.9,3.5,9,121,11,0.12,0.04,0.16,0.12,0.16,0.1,0.03,0.14,0.1,0.14,Matches
307,Edmond-Paris Maghoma,eng ENG,"MF,FW",Brentford,23-312,2001,7,0,111,1.2,0,0,0,0,0,0,0,0,0.1,0.1,0.1,0.2,4,11,4,0,0,0,0,0,0.09,0.09,0.18,0.09,0.18,Matches
308,Harry Maguire,eng ENG,DF,Manchester Utd,32-011,1993,20,15,"1,358",15.1,1,0,1,1,0,0,7,0,0.8,0.8,0.3,1.1,6,42,4,0.07,0,0.07,0.07,0.07,0.05,0.02,0.07,0.05,0.07,Matches
309,Kobbie Mainoo,eng ENG,MF,Manchester Utd,19-331,2005,18,15,"1,285",14.3,0,0,0,0,0,0,5,0,0.5,0.5,1.5,2,19,52,35,0,0,0,0,0,0.04,0.11,0.14,0.04,0.14,Matches
310,Tyrell Malacia,nl NED,DF,Manchester Utd,25-211,1999,3,2,100,1.1,0,0,0,0,0,0,1,0,0,0,0,0,3,3,6,0,0,0,0,0,0,0.03,0.03,0,0.03,Matches
311,Donyell Malen,nl NED,FW,Aston Villa,26-066,1999,6,1,170,1.9,0,0,0,0,0,0,0,0,0.6,0.6,0,0.6,5,3,14,0,0,0,0,0,0.3,0.02,0.32,0.3,0.32,Matches
312,Orel Mangala,be BEL,MF,Everton,26-363,1998,19,14,"1,261",14,1,0,1,1,0,0,2,0,1.1,1.1,0.6,1.8,6,34,19,0.07,0,0.07,0.07,0.07,0.08,0.05,0.13,0.08,0.13,Matches
313,Ryan Manning,ie IRL,"DF,MF",Southampton,28-275,1996,17,12,971,10.8,0,0,0,0,0,0,2,0,0.3,0.3,2.4,2.7,11,15,57,0,0,0,0,0,0.03,0.22,0.25,0.03,0.25,Matches
314,Solly March,eng ENG,"MF,FW",Brighton,30-239,1994,4,0,40,0.4,0,0,0,0,0,0,1,0,0.1,0.1,0,0.1,0,1,1,0,0,0,0,0,0.15,0,0.15,0.15,0.15,Matches
315,Omar Marmoush,eg EGY,"MF,FW",Manchester City,26-037,1999,7,6,475,5.3,4,0,4,4,0,0,0,0,1.1,1.1,1,2.1,11,15,34,0.76,0,0.76,0.76,0.76,0.22,0.19,0.4,0.22,0.4,Matches
316,Gabriel Martinelli,br BRA,"FW,MF",Arsenal,23-271,2001,23,16,"1,491",16.6,6,3,9,6,0,0,1,0,4.4,4.4,2.9,7.3,83,28,190,0.36,0.18,0.54,0.36,0.54,0.27,0.17,0.44,0.27,0.44,Matches
317,Emiliano Martínez,ar ARG,GK,Aston Villa,32-195,1992,28,28,"2,430",27,0,0,0,0,0,0,2,0,0,0,0,0,0,2,0,0,0,0,0,0,0,0,0,0,0,Matches
318,Lisandro Martínez,ar ARG,DF,Manchester Utd,27-057,1998,20,20,"1,751",19.5,2,1,3,2,0,0,7,0,1.3,1.3,1.1,2.4,23,117,7,0.1,0.05,0.15,0.1,0.15,0.07,0.06,0.13,0.07,0.13,Matches
319,Pape Matar Sarr,sn SEN,MF,Tottenham,22-183,2002,27,16,"1,396",15.5,3,2,5,3,0,0,5,0,3.1,3.1,1.5,4.7,27,72,40,0.19,0.13,0.32,0.19,0.32,0.2,0.1,0.3,0.2,0.3,Matches
320,Jean-Philippe Mateta,fr FRA,FW,Crystal Palace,27-261,1997,27,25,"2,132",23.7,12,2,14,10,2,2,2,0,11.3,9.7,3,12.7,31,42,100,0.51,0.08,0.59,0.42,0.51,0.48,0.13,0.6,0.41,0.53,Matches
321,Stephy Mavididi,eng ENG,FW,Leicester City,26-289,1998,26,14,"1,388",15.4,3,1,4,3,0,0,2,0,1.6,1.6,2.4,4,74,53,115,0.19,0.06,0.26,0.19,0.26,0.1,0.16,0.26,0.1,0.26,Matches
322,Konstantinos Mavropanos,gr GRE,DF,West Ham,27-095,1997,25,17,"1,662",18.5,0,0,0,0,0,0,4,1,1.2,1.2,0.5,1.7,15,55,2,0,0,0,0,0,0.06,0.03,0.09,0.06,0.09,Matches
323,Noussair Mazraoui,ma MAR,DF,Manchester Utd,27-122,1997,28,25,"2,128",23.6,0,1,1,0,0,0,2,0,0.6,0.6,1.1,1.8,31,88,44,0,0.04,0.04,0,0.04,0.03,0.05,0.07,0.03,0.07,Matches
324,Bryan Mbeumo,cm CMR,FW,Brentford,25-221,1999,29,29,"2,604",28.9,15,5,20,11,4,4,2,0,9,5.8,6.7,12.5,99,109,276,0.52,0.17,0.69,0.38,0.55,0.31,0.23,0.54,0.2,0.43,Matches
325,James Mcatee,eng ENG,"MF,FW",Manchester City,22-149,2002,10,0,130,1.4,2,0,2,2,0,0,0,0,1.3,1.3,0,1.3,4,3,12,1.38,0,1.38,1.38,1.38,0.93,0,0.93,0.93,0.93,Matches
Rk,Player,Nation,Pos,Squad,Age,Born,MP,Starts,Min,90s,Gls,Ast,G+A,G-PK,PK,PKatt,CrdY,CrdR,xG,npxG,xAG,npxG+xAG,PrgC,PrgP,PrgR,Gls,Ast,G+A,G-PK,G+A-PK,xG,xAG,xG+xAG,npxG,npxG+xAG,Matches
326,Kasey McAteer,ie IRL,"FW,MF",Leicester City,23-114,2001,11,4,386,4.3,0,1,1,0,0,0,1,0,0.6,0.6,0.4,0.9,13,8,36,0,0.23,0.23,0,0.23,0.13,0.08,0.21,0.13,0.21,Matches
327,Alex McCarthy,eng ENG,GK,Southampton,35-103,1989,5,5,450,5,0,0,0,0,0,0,0,0,0,0,0,0,0,0,0,0,0,0,0,0,0,0,0,0,0,Matches
328,John McGinn,sct SCO,"MF,FW",Aston Villa,30-149,1994,25,22,"1,777",19.7,0,3,3,0,0,0,6,0,2,2,2.7,4.7,26,83,64,0,0.15,0.15,0,0.15,0.1,0.13,0.24,0.1,0.24,Matches
329,Dwight McNeil,eng ENG,"MF,FW",Everton,25-114,1999,13,13,"1,140",12.7,3,3,6,3,0,0,1,0,0.9,0.9,3.5,4.4,31,60,65,0.24,0.24,0.47,0.24,0.47,0.07,0.27,0.34,0.07,0.34,Matches
330,Scott McTominay,sct SCO,MF,Manchester Utd,28-098,1996,2,0,19,0.2,0,0,0,0,0,0,0,0,0.1,0.1,0,0.1,0,1,2,0,0,0,0,0,0.33,0,0.33,0.33,0.33,Matches
331,Ben Mee,eng ENG,DF,Brentford,35-176,1989,7,2,183,2,0,0,0,0,0,0,2,0,0,0,0,0,3,11,2,0,0,0,0,0,0,0,0,0,0,Matches
332,Jayden Meghoma,eng ENG,DF,Brentford,18-261,2006,1,0,5,0.1,0,0,0,0,0,0,0,0,0,0,0,0,0,0,0,0,0,0,0,0,0,0,0,0,0,Matches
333,Mikel Merino,es ESP,"MF,FW",Arsenal,28-267,1996,20,11,"1,059",11.8,4,1,5,4,0,0,2,0,3.5,3.5,1.4,4.9,7,51,68,0.34,0.08,0.42,0.34,0.42,0.3,0.12,0.41,0.3,0.41,Matches
334,Shumaira Mheuka,eng ENG,MF,Chelsea,17-147,2007,1,0,1,0,0,0,0,0,0,0,0,0,0.1,0.1,0,0.1,0,0,0,0,0,0,0,0,5.06,0,5.06,5.06,5.06,Matches
335,Nikola Milenković,rs SRB,DF,Nott'ham Forest,27-155,1997,28,28,"2,520",28,4,2,6,4,0,0,4,0,3.5,3.5,0.8,4.3,2,41,5,0.14,0.07,0.21,0.14,0.21,0.13,0.03,0.15,0.13,0.15,Matches
336,Lewis Miley,eng ENG,MF,Newcastle Utd,18-319,2006,8,1,192,2.1,1,0,1,1,0,0,0,0,0.5,0.5,0,0.6,1,12,4,0.47,0,0.47,0.47,0.47,0.25,0.01,0.27,0.25,0.27,Matches
337,James Milner,eng ENG,MF,Brighton,39-071,1986,3,3,169,1.9,0,0,0,0,0,0,1,0,0.2,0.2,0.2,0.4,1,10,10,0,0,0,0,0,0.09,0.12,0.21,0.09,0.21,Matches
338,Tyrone Mings,eng ENG,DF,Aston Villa,32-003,1993,10,8,781,8.7,0,0,0,0,0,0,1,0,0.6,0.6,0.2,0.8,3,29,0,0,0,0,0,0,0.07,0.02,0.09,0.07,0.09,Matches
339,Yankuba Minteh,gm GAM,"FW,MF",Brighton,20-237,2004,24,13,"1,266",14.1,5,3,8,5,0,0,6,0,3.3,3.3,4,7.3,57,27,136,0.36,0.21,0.57,0.36,0.57,0.23,0.28,0.52,0.23,0.52,Matches
340,Tyrick Mitchell,eng ENG,DF,Crystal Palace,25-196,1999,28,28,"2,400",26.7,0,4,4,0,0,0,2,0,1.2,1.2,5.3,6.5,49,54,136,0,0.15,0.15,0,0.15,0.05,0.2,0.25,0.05,0.25,Matches
341,Kaoru Mitoma,jp JPN,"FW,MF",Brighton,27-300,1997,29,26,"2,315",25.7,7,3,10,7,0,0,1,0,7.3,7.3,4.3,11.6,127,75,258,0.27,0.12,0.39,0.27,0.39,0.28,0.17,0.45,0.28,0.45,Matches
342,Jakub Moder,pl POL,MF,Brighton,25-343,1999,4,0,11,0.1,0,0,0,0,0,0,0,0,0,0,0.2,0.2,2,4,0,0,0,0,0,0,0,1.45,1.45,0,1.45,Matches
343,Mikey Moore,eng ENG,"FW,MF",Tottenham,17-217,2007,7,2,185,2.1,0,1,1,0,0,0,0,0,0.2,0.2,0.3,0.5,9,7,30,0,0.49,0.49,0,0.49,0.1,0.16,0.26,0.1,0.26,Matches
344,Morato,br BRA,DF,Nott'ham Forest,23-259,2001,20,4,629,7,0,0,0,0,0,0,1,0,0.1,0.1,0,0.1,0,13,1,0,0,0,0,0,0.01,0,0.01,0.01,0.01,Matches
345,Álex Moreno,es ESP,DF,Nott'ham Forest,31-281,1993,13,10,813,9,0,1,1,0,0,0,2,0,0.2,0.2,1,1.1,24,29,28,0,0.11,0.11,0,0.11,0.02,0.11,0.12,0.02,0.12,Matches
346,Sam Morsy,eg EGY,MF,Ipswich Town,33-187,1991,24,22,"1,979",22,1,1,2,1,0,0,8,0,0.3,0.3,0.7,1,13,90,9,0.05,0.05,0.09,0.05,0.09,0.01,0.03,0.05,0.01,0.05,Matches
347,Yerson Mosquera,co COL,DF,Wolves,23-318,2001,5,5,441,4.9,0,0,0,0,0,0,2,0,0.3,0.3,0.1,0.4,0,7,0,0,0,0,0,0,0.07,0.02,0.09,0.07,0.09,Matches
348,Mason Mount,eng ENG,"MF,FW",Manchester Utd,26-065,1999,8,4,247,2.7,0,0,0,0,0,0,2,0,0.4,0.4,0.1,0.5,2,8,5,0,0,0,0,0,0.14,0.04,0.18,0.14,0.18,Matches
349,Divin Mubama,eng ENG,FW,Manchester City,20-142,2004,1,0,28,0.3,0,0,0,0,0,0,0,0,0,0,0,0,0,1,0,0,0,0,0,0,0.12,0,0.12,0.12,0.12,Matches
350,Mykhailo Mudryk,ua UKR,FW,Chelsea,24-070,2001,7,1,151,1.7,0,0,0,0,0,0,0,0,0.3,0.3,1,1.2,7,5,12,0,0,0,0,0,0.15,0.58,0.73,0.15,0.73,Matches
Rk,Player,Nation,Pos,Squad,Age,Born,MP,Starts,Min,90s,Gls,Ast,G+A,G-PK,PK,PKatt,CrdY,CrdR,xG,npxG,xAG,npxG+xAG,PrgC,PrgP,PrgR,Gls,Ast,G+A,G-PK,G+A-PK,xG,xAG,xG+xAG,npxG,npxG+xAG,Matches
351,Marshall Munetsi,zw ZIM,"MF,FW",Wolves,28-267,1996,5,4,338,3.8,1,1,2,1,0,0,0,0,1.9,1.9,0.8,2.8,1,5,13,0.27,0.27,0.53,0.27,0.53,0.51,0.22,0.73,0.51,0.73,Matches
352,Rodrigo Muniz,br BRA,FW,Fulham,23-316,2001,27,6,791,8.8,5,1,6,5,0,0,1,0,4.5,4.5,0.6,5.1,4,21,26,0.57,0.11,0.68,0.57,0.68,0.51,0.07,0.58,0.51,0.58,Matches
353,Daniel Muñoz,co COL,DF,Crystal Palace,28-294,1996,27,27,"2,343",26,3,4,7,3,0,0,7,0,4.1,4.1,3.8,7.9,37,63,160,0.12,0.15,0.27,0.12,0.27,0.16,0.15,0.3,0.16,0.3,Matches
354,Arijanet Muric,xk KVX,GK,Ipswich Town,26-129,1998,18,18,"1,620",18,0,0,0,0,0,0,1,0,0,0,0,0,0,1,0,0,0,0,0,0,0,0,0,0,0,Matches
355,Murillo,br BRA,DF,Nott'ham Forest,22-255,2002,28,28,"2,478",27.5,1,0,1,1,0,0,5,0,1.2,1.2,1.1,2.3,15,88,4,0.04,0,0.04,0.04,0.04,0.04,0.04,0.08,0.04,0.08,Matches
356,Jacob Murphy,eng ENG,FW,Newcastle Utd,30-020,1995,25,21,"1,680",18.7,5,8,13,5,0,0,3,0,3.8,3.8,6.3,10.1,57,56,152,0.27,0.43,0.7,0.27,0.7,0.2,0.34,0.54,0.2,0.54,Matches
357,Vitaliy Mykolenko,ua UKR,DF,Everton,25-291,1999,27,27,"2,362",26.2,0,1,1,0,0,0,2,0,0.4,0.4,1.5,1.9,26,89,68,0,0.04,0.04,0,0.04,0.02,0.06,0.07,0.02,0.07,Matches
358,Iliman Ndiaye,sn SEN,FW,Everton,25-010,2000,24,22,"1,877",20.9,6,0,6,5,1,1,3,0,3.6,2.8,1.5,4.3,71,38,95,0.29,0,0.29,0.24,0.24,0.17,0.07,0.25,0.13,0.21,Matches
359,Wilfred Ndidi,ng NGA,MF,Leicester City,28-090,1996,19,19,"1,555",17.3,0,4,4,0,0,0,4,0,1.6,1.6,1.4,3,13,48,56,0,0.23,0.23,0,0.23,0.09,0.08,0.17,0.09,0.17,Matches
360,Kosta Nedeljković,rs SRB,DF,Aston Villa,19-090,2005,5,0,126,1.4,0,0,0,0,0,0,0,0,0,0,0,0,1,6,0,0,0,0,0,0,0,0,0,0,0,Matches
361,Reiss Nelson,eng ENG,FW,Arsenal,25-096,1999,1,0,3,0,0,0,0,0,0,0,0,0,0,0,0,0,0,0,0,0,0,0,0,0,0,0,0,0,0,Matches
362,Reiss Nelson,eng ENG,FW,Fulham,25-096,1999,11,5,487,5.4,1,1,2,1,0,0,1,0,1.1,1.1,1,2.1,45,35,63,0.18,0.18,0.37,0.18,0.37,0.2,0.18,0.39,0.2,0.39,Matches
363,Neto,br BRA,GK,Bournemouth,35-240,1989,2,2,180,2,0,0,0,0,0,0,0,0,0,0,0,0,0,0,0,0,0,0,0,0,0,0,0,0,0,Matches
364,Pedro Neto,pt POR,FW,Chelsea,25-007,2000,25,15,"1,441",16,3,4,7,3,0,0,6,0,2,2,4.3,6.3,89,37,139,0.19,0.25,0.44,0.19,0.44,0.12,0.27,0.39,0.12,0.39,Matches
365,Eddie Nketiah,eng ENG,"MF,FW",Crystal Palace,25-290,1999,20,7,708,7.9,1,1,2,1,0,0,3,0,3.3,3.3,1.5,4.8,32,15,55,0.13,0.13,0.25,0.13,0.25,0.42,0.19,0.61,0.42,0.61,Matches
366,Christopher Nkunku,fr FRA,FW,Chelsea,27-122,1997,24,7,797,8.9,3,2,5,3,0,0,2,0,4.6,4.5,2,6.5,15,24,62,0.34,0.23,0.56,0.34,0.56,0.52,0.23,0.74,0.51,0.74,Matches
367,Matheus Nunes,pt POR,"DF,MF",Manchester City,26-201,1998,19,12,"1,044",11.6,0,4,4,0,0,0,3,0,0.5,0.5,3.3,3.9,43,45,127,0,0.34,0.34,0,0.34,0.05,0.29,0.33,0.05,0.33,Matches
368,Darwin Núñez,uy URU,FW,Liverpool,25-265,1999,23,8,970,10.8,5,2,7,5,0,0,7,0,5,5,1.1,6.1,20,21,64,0.46,0.19,0.65,0.46,0.65,0.46,0.1,0.56,0.46,0.56,Matches
369,Ethan Nwaneri,eng ENG,"FW,MF",Arsenal,17-360,2007,18,7,594,6.6,3,1,4,3,0,0,1,0,0.8,0.8,0.8,1.6,34,23,84,0.45,0.15,0.61,0.45,0.61,0.12,0.12,0.24,0.12,0.24,Matches
370,Christian Nørgaard,dk DEN,MF,Brentford,31-006,1994,25,25,"2,010",22.3,4,2,6,4,0,0,4,1,3.1,3.1,0.8,3.9,11,111,32,0.18,0.09,0.27,0.18,0.27,0.14,0.03,0.17,0.14,0.17,Matches
371,Jake O'Brien,ie IRL,DF,Everton,23-305,2001,12,9,851,9.5,2,0,2,2,0,0,3,0,0.6,0.6,0.6,1.1,5,34,23,0.21,0,0.21,0.21,0.21,0.06,0.06,0.12,0.06,0.12,Matches
372,Matt O'Riley,dk DEN,MF,Brighton,24-115,2000,12,5,475,5.3,1,1,2,1,0,0,1,0,1.2,1.2,1.2,2.4,9,22,25,0.19,0.19,0.38,0.19,0.38,0.23,0.22,0.45,0.23,0.45,Matches
373,Dara O'Shea,ie IRL,DF,Ipswich Town,26-012,1999,26,26,"2,312",25.7,0,1,1,0,0,0,6,0,0.8,0.8,0.1,0.9,3,62,3,0,0.04,0.04,0,0.04,0.03,0,0.03,0.03,0.03,Matches
374,Chidozie Obi-Martin,dk DEN,FW,Manchester Utd,17-107,2007,2,0,22,0.2,0,0,0,0,0,0,1,0,0,0,0,0,1,1,1,0,0,0,0,0,0,0,0,0,0,Matches
375,Wilson Odobert,fr FRA,FW,Tottenham,20-108,2004,7,4,339,3.8,0,0,0,0,0,0,0,0,0.7,0.7,0.1,0.7,24,13,34,0,0,0,0,0,0.18,0.02,0.2,0.18,0.2,Matches
Rk,Player,Nation,Pos,Squad,Age,Born,MP,Starts,Min,90s,Gls,Ast,G+A,G-PK,PK,PKatt,CrdY,CrdR,xG,npxG,xAG,npxG+xAG,PrgC,PrgP,PrgR,Gls,Ast,G+A,G-PK,G+A-PK,xG,xAG,xG+xAG,npxG,npxG+xAG,Matches
376,Chiedozie Ogbene,ie IRL,FW,Ipswich Town,27-319,1997,5,3,238,2.6,0,0,0,0,0,0,0,0,0,0,0.1,0.1,7,0,15,0,0,0,0,0,0,0.03,0.03,0,0.03,Matches
377,Caleb Okoli,it ITA,DF,Leicester City,23-246,2001,16,11,"1,003",11.1,0,0,0,0,0,0,3,0,0.1,0.1,0,0.1,3,28,2,0,0,0,0,0,0.01,0,0.01,0.01,0.01,Matches
378,Robin Olsen,se SWE,GK,Aston Villa,35-067,1990,3,1,180,2,0,0,0,0,0,0,0,0,0,0,0,0,0,0,0,0,0,0,0,0,0,0,0,0,0,Matches
379,Amadou Onana,be BEL,MF,Aston Villa,23-212,2001,17,14,"1,079",12,2,0,2,2,0,0,4,0,1.8,1.8,0.2,2,13,36,10,0.17,0,0.17,0.17,0.17,0.15,0.02,0.17,0.15,0.17,Matches
380,André Onana,cm CMR,GK,Manchester Utd,28-348,1996,28,28,"2,520",28,0,0,0,0,0,0,0,0,0,0,0.2,0.2,0,1,0,0,0,0,0,0,0,0.01,0.01,0,0.01,Matches
381,Paul Onuachu,ng NGA,FW,Southampton,30-292,1994,19,8,764,8.5,3,1,4,3,0,0,3,0,2.8,2.8,0.5,3.3,6,11,27,0.35,0.12,0.47,0.35,0.47,0.33,0.06,0.39,0.33,0.39,Matches
382,Frank Onyeka,ng NGA,MF,Brentford,27-074,1998,2,0,25,0.3,0,0,0,0,0,0,0,0,0,0,0,0,0,1,0,0,0,0,0,0,0,0,0,0,0,Matches
383,Lewis Orford,eng ENG,MF,West Ham,19-026,2006,2,0,49,0.5,0,0,0,0,0,0,0,0,0,0,0,0,0,0,1,0,0,0,0,0,0.05,0.04,0.09,0.05,0.09,Matches
384,Stefan Ortega,de GER,GK,Manchester City,32-130,1992,10,10,900,10,0,0,0,0,0,0,1,0,0,0,0,0,0,0,0,0,0,0,0,0,0,0,0,0,0,Matches
385,William Osula,dk DEN,FW,Newcastle Utd,21-224,2003,10,0,71,0.8,0,0,0,0,0,0,0,0,0,0,0.1,0.1,1,1,6,0,0,0,0,0,0,0.11,0.11,0,0.11,Matches
386,Dango Ouattara,bf BFA,FW,Bournemouth,23-033,2002,26,15,"1,518",16.9,7,4,11,7,0,0,1,0,7.2,7.2,4.5,11.7,58,31,154,0.42,0.24,0.65,0.42,0.65,0.42,0.27,0.69,0.42,0.69,Matches
387,Nico O’Reilly,eng ENG,"MF,DF",Manchester City,19-360,2005,2,0,23,0.3,0,0,0,0,0,0,0,0,0,0,0,0,1,0,0,0,0,0,0,0,0.1,0,0.1,0.1,0.1,Matches
388,Alex Palmer,eng ENG,GK,Ipswich Town,28-218,1996,5,5,450,5,0,0,0,0,0,0,0,0,0,0,0,0,0,1,0,0,0,0,0,0,0,0,0,0,0,Matches
389,Cole Palmer,eng ENG,MF,Chelsea,22-314,2002,28,28,"2,441",27.1,14,6,20,11,3,4,4,0,15.2,12.1,8.6,20.7,85,157,141,0.52,0.22,0.74,0.41,0.63,0.56,0.32,0.88,0.45,0.76,Matches
390,Emerson Palmieri,it ITA,DF,West Ham,30-225,1994,25,23,"1,792",19.9,2,1,3,2,0,0,5,0,1.6,1.6,1.5,3.1,36,53,69,0.1,0.05,0.15,0.1,0.15,0.08,0.07,0.15,0.08,0.15,Matches
391,Lucas Paquetá,br BRA,"MF,FW",West Ham,27-201,1997,25,21,"1,807",20.1,4,0,4,2,2,2,7,0,5,3.4,2.1,5.5,16,97,66,0.2,0,0.2,0.1,0.1,0.25,0.1,0.35,0.17,0.27,Matches
392,Thomas Partey,gh GHA,"MF,DF",Arsenal,31-276,1993,27,23,"2,099",23.3,3,2,5,3,0,0,3,0,1.7,1.7,1.9,3.6,28,147,34,0.13,0.09,0.21,0.13,0.21,0.07,0.08,0.16,0.07,0.16,Matches
393,Nathan Patterson,sct SCO,"DF,FW",Everton,23-151,2001,7,0,129,1.4,0,0,0,0,0,0,0,0,0.1,0.1,0.3,0.4,4,7,7,0,0,0,0,0,0.05,0.24,0.29,0.05,0.29,Matches
394,Andreas Pereira,br BRA,MF,Fulham,29-074,1996,25,18,"1,487",16.5,2,3,5,2,0,1,7,0,3.1,2.4,3.5,5.9,17,89,61,0.12,0.18,0.3,0.12,0.3,0.19,0.21,0.4,0.14,0.36,Matches
395,Ricardo Pereira,pt POR,DF,Leicester City,31-161,1993,3,2,153,1.7,0,0,0,0,0,0,1,0,0,0,0,0,1,7,3,0,0,0,0,0,0.02,0,0.02,0.02,0.02,Matches
396,Kalvin Phillips,eng ENG,MF,Ipswich Town,29-104,1995,17,14,"1,205",13.4,0,0,0,0,0,0,6,1,0.4,0.4,0.2,0.6,4,49,4,0,0,0,0,0,0.03,0.02,0.05,0.03,0.05,Matches
397,Jaden Philogene Bidace,eng ENG,"FW,MF",Aston Villa,23-036,2002,11,2,332,3.7,0,0,0,0,0,0,4,1,0.5,0.5,0.3,0.8,7,4,17,0,0,0,0,0,0.13,0.08,0.2,0.13,0.2,Matches
398,Jaden Philogene Bidace,eng ENG,"FW,DF",Ipswich Town,23-036,2002,7,5,458,5.1,2,0,2,2,0,0,0,0,1.9,1.9,0.2,2.1,13,10,34,0.39,0,0.39,0.39,0.39,0.37,0.05,0.42,0.37,0.42,Matches
399,Jordan Pickford,eng ENG,GK,Everton,31-009,1994,29,29,"2,610",29,0,1,1,0,0,0,6,0,0,0,0.4,0.4,0,0,0,0,0.03,0.03,0,0.03,0,0.01,0.01,0,0.01,Matches
400,Ethan Pinnock,jm JAM,DF,Brentford,31-291,1993,21,20,"1,831",20.3,2,0,2,2,0,0,2,0,0.9,0.9,1.2,2,3,40,9,0.1,0,0.1,0.1,0.1,0.04,0.06,0.1,0.04,0.1,Matches
Rk,Player,Nation,Pos,Squad,Age,Born,MP,Starts,Min,90s,Gls,Ast,G+A,G-PK,PK,PKatt,CrdY,CrdR,xG,npxG,xAG,npxG+xAG,PrgC,PrgP,PrgR,Gls,Ast,G+A,G-PK,G+A-PK,xG,xAG,xG+xAG,npxG,npxG+xAG,Matches
401,Daniel Podence,pt POR,"MF,FW",Wolves,29-146,1995,2,0,48,0.5,0,0,0,0,0,0,0,0,0,0,0,0,1,2,3,0,0,0,0,0,0.07,0,0.07,0.07,0.07,Matches
402,Alfie Pond,eng ENG,DF,Wolves,21-015,2004,1,0,1,0,0,0,0,0,0,0,0,0,0,0,0,0,0,0,0,0,0,0,0,0,0,0,0,0,0,Matches
403,Nick Pope,eng ENG,GK,Newcastle Utd,32-331,1992,18,18,"1,620",18,0,0,0,0,0,0,2,0,0,0,0,0,0,0,0,0,0,0,0,0,0,0,0,0,0,Matches
404,Pedro Porro,es ESP,DF,Tottenham,25-184,1999,28,24,"2,280",25.3,2,5,7,2,0,0,2,0,1.5,1.5,3.2,4.7,57,128,93,0.08,0.2,0.28,0.08,0.28,0.06,0.13,0.18,0.06,0.18,Matches
405,Jarell Quansah,eng ENG,DF,Liverpool,22-046,2003,10,2,292,3.2,0,0,0,0,0,0,1,0,0,0,0,0,2,10,3,0,0,0,0,0,0,0,0,0,0,Matches
406,Hákon Rafn Valdimarsson,is ISL,GK,Brentford,23-154,2001,2,1,145,1.6,0,0,0,0,0,0,0,0,0,0,0,0,0,0,0,0,0,0,0,0,0,0,0,0,0,Matches
407,Aaron Ramsdale,eng ENG,GK,Southampton,26-306,1998,21,21,"1,890",21,0,0,0,0,0,0,2,0,0,0,0,0,0,0,0,0,0,0,0,0,0,0,0,0,0,Matches
408,Jacob Ramsey,eng ENG,"FW,MF",Aston Villa,23-292,2001,21,15,"1,248",13.9,1,3,4,1,0,0,1,0,1.3,1.3,1.8,3.1,49,58,84,0.07,0.22,0.29,0.07,0.29,0.09,0.13,0.22,0.09,0.22,Matches
409,Marcus Rashford,eng ENG,"FW,MF",Manchester Utd,27-136,1997,15,12,978,10.9,4,1,5,4,0,0,2,0,1.7,1.7,2.1,3.8,20,21,79,0.37,0.09,0.46,0.37,0.46,0.16,0.19,0.35,0.16,0.35,Matches
410,Marcus Rashford,eng ENG,FW,Aston Villa,27-136,1997,5,1,202,2.2,0,2,2,0,0,0,0,0,0.3,0.3,1.9,2.1,13,10,32,0,0.89,0.89,0,0.89,0.12,0.83,0.95,0.12,0.95,Matches
411,David Raya,es ESP,GK,Arsenal,29-182,1995,28,28,"2,520",28,0,0,0,0,0,0,2,0,0,0,0,0,0,11,0,0,0,0,0,0,0,0,0,0,0,Matches
412,Harrison Reed,eng ENG,MF,Fulham,30-048,1995,10,0,78,0.9,0,0,0,0,0,0,2,0,0.1,0.1,0.1,0.2,1,4,7,0,0,0,0,0,0.17,0.09,0.25,0.17,0.25,Matches
413,Remy Rees-Dottin,eng ENG,FW,Bournemouth,19-010,2006,1,0,1,0,0,0,0,0,0,0,0,0,0,0,0,0,0,0,0,0,0,0,0,0,0,0,0,0,0,Matches
414,Sergio Reguilón,es ESP,DF,Tottenham,28-090,1996,3,0,123,1.4,0,0,0,0,0,0,2,0,0.1,0.1,0,0.1,4,12,10,0,0,0,0,0,0.05,0.02,0.07,0.05,0.07,Matches
415,Bobby Reid,jm JAM,"FW,MF",Leicester City,32-042,1993,20,7,639,7.1,1,2,3,1,0,0,2,0,0.8,0.8,1.2,2,12,14,40,0.14,0.28,0.42,0.14,0.42,0.11,0.17,0.27,0.11,0.27,Matches
416,Chadi Riad,ma MAR,DF,Crystal Palace,21-272,2003,1,1,90,1,0,0,0,0,0,0,0,0,0,0,0,0,2,7,0,0,0,0,0,0,0,0,0,0,0,Matches
417,Declan Rice,eng ENG,MF,Arsenal,26-061,1999,26,24,"2,066",23,2,5,7,2,0,0,5,1,1.8,1.8,5.5,7.4,74,149,72,0.09,0.22,0.3,0.09,0.3,0.08,0.24,0.32,0.08,0.32,Matches
418,Chris Richards,us USA,DF,Crystal Palace,24-353,2000,17,15,"1,338",14.9,0,0,0,0,0,0,2,0,0.5,0.5,0.1,0.6,5,33,1,0,0,0,0,0,0.03,0.01,0.04,0.03,0.04,Matches
419,Richarlison,br BRA,FW,Tottenham,27-310,1997,9,2,279,3.1,2,1,3,2,0,0,1,0,1.2,1.2,0.9,2.1,8,10,17,0.65,0.32,0.97,0.65,0.97,0.38,0.29,0.67,0.38,0.67,Matches
420,Andrew Robertson,sct SCO,DF,Liverpool,31-005,1994,27,24,"2,016",22.4,0,0,0,0,0,0,3,1,0.8,0.8,4,4.9,54,146,81,0,0,0,0,0,0.04,0.18,0.22,0.04,0.22,Matches
421,Antonee Robinson,us USA,DF,Fulham,27-220,1997,28,27,"2,449",27.2,0,10,10,0,0,0,7,0,0.7,0.7,3.8,4.5,94,97,219,0,0.37,0.37,0,0.37,0.03,0.14,0.16,0.03,0.16,Matches
422,Rodri,es ESP,MF,Manchester City,28-267,1996,2,1,65,0.7,0,0,0,0,0,0,0,0,0,0,0,0,0,4,1,0,0,0,0,0,0,0.06,0.06,0,0.06,Matches
423,Guido Rodríguez,ar ARG,MF,West Ham,30-338,1994,20,14,"1,018",11.3,0,0,0,0,0,0,5,0,0.2,0.2,0.1,0.3,2,31,5,0,0,0,0,0,0.02,0.01,0.03,0.02,0.03,Matches
424,Mads Roerslev,dk DEN,DF,Brentford,25-265,1999,19,11,"1,101",12.2,0,2,2,0,0,0,2,0,0.2,0.2,3,3.2,17,51,54,0,0.16,0.16,0,0.16,0.02,0.24,0.26,0.02,0.26,Matches
425,Morgan Rogers,eng ENG,"MF,FW",Aston Villa,22-233,2002,28,28,"2,336",26,7,4,11,7,0,0,8,0,4.8,4.8,5.2,10.1,91,94,137,0.27,0.15,0.42,0.27,0.42,0.19,0.2,0.39,0.19,0.39,Matches
Rk,Player,Nation,Pos,Squad,Age,Born,MP,Starts,Min,90s,Gls,Ast,G+A,G-PK,PK,PKatt,CrdY,CrdR,xG,npxG,xAG,npxG+xAG,PrgC,PrgP,PrgR,Gls,Ast,G+A,G-PK,G+A-PK,xG,xAG,xG+xAG,npxG,npxG+xAG,Matches
426,Cristian Romero,ar ARG,DF,Tottenham,26-323,1998,13,13,"1,034",11.5,1,0,1,1,0,0,1,0,1.1,1.1,0.5,1.7,10,53,2,0.09,0,0.09,0.09,0.09,0.1,0.05,0.14,0.1,0.14,Matches
427,Georginio Rutter,fr FRA,"MF,FW",Brighton,22-330,2002,28,19,"1,656",18.4,5,3,8,5,0,0,2,0,4.6,4.6,2.5,7.1,42,67,79,0.27,0.16,0.43,0.27,0.43,0.25,0.14,0.39,0.25,0.39,Matches
428,José Sá,pt POR,GK,Wolves,32-058,1993,22,22,"1,980",22,0,0,0,0,0,0,1,0,0,0,0.1,0.1,0,2,0,0,0,0,0,0,0,0.01,0.01,0,0.01,Matches
429,Bukayo Saka,eng ENG,"FW,MF",Arsenal,23-192,2001,16,16,"1,268",14.1,5,10,15,4,1,1,3,0,4.2,3.4,5.8,9.2,72,53,195,0.35,0.71,1.06,0.28,0.99,0.3,0.41,0.71,0.24,0.65,Matches
430,Mohamed Salah,eg EGY,FW,Liverpool,32-274,1992,29,29,"2,568",28.5,27,17,44,18,9,9,1,0,22,15,11.2,26.2,122,110,364,0.95,0.6,1.54,0.63,1.23,0.77,0.39,1.16,0.52,0.92,Matches
431,William Saliba,fr FRA,DF,Arsenal,23-357,2001,26,26,"2,274",25.3,2,0,2,2,0,0,2,1,2.1,2.1,0.5,2.6,13,107,6,0.08,0,0.08,0.08,0.08,0.08,0.02,0.1,0.08,0.1,Matches
432,Robert Sánchez,es ESP,GK,Chelsea,27-118,1997,22,22,"1,980",22,0,0,0,0,0,0,5,0,0,0,0,0,0,1,0,0,0,0,0,0,0,0,0,0,0,Matches
433,Jadon Sancho,eng ENG,FW,Chelsea,24-356,2000,22,15,"1,355",15.1,2,4,6,2,0,0,1,0,1.6,1.6,3.2,4.8,83,69,173,0.13,0.27,0.4,0.13,0.4,0.11,0.21,0.32,0.11,0.32,Matches
434,Ibrahim Sangaré,ci CIV,MF,Nott'ham Forest,27-104,1997,7,3,274,3,0,1,1,0,0,0,2,0,0,0,0.3,0.3,0,11,2,0,0.33,0.33,0,0.33,0.01,0.1,0.11,0.01,0.11,Matches
435,Pablo Sarabia,es ESP,"MF,FW",Wolves,32-309,1992,15,6,564,6.3,1,1,2,1,0,0,2,0,2.5,2.5,0.7,3.2,11,46,45,0.16,0.16,0.32,0.16,0.32,0.4,0.11,0.51,0.4,0.51,Matches
436,Jeremy Sarmiento,ec ECU,MF,Brighton,22-273,2002,1,0,9,0.1,0,0,0,0,0,0,0,0,0,0,0,0,0,0,2,0,0,0,0,0,0,0,0,0,0,Matches
437,Ismaila Sarr,sn SEN,"MF,FW",Crystal Palace,27-019,1998,28,21,"1,930",21.4,7,3,10,7,0,0,3,0,7.8,7.8,5.7,13.5,52,61,140,0.33,0.14,0.47,0.33,0.47,0.36,0.27,0.63,0.36,0.63,Matches
438,Sávio,br BRA,"FW,MF",Manchester City,20-340,2004,24,19,"1,564",17.4,1,7,8,1,0,0,3,0,4.6,4.6,5.7,10.3,125,62,214,0.06,0.4,0.46,0.06,0.46,0.27,0.33,0.6,0.27,0.6,Matches
439,Oliver Scarles,eng ENG,DF,West Ham,19-094,2005,10,3,406,4.5,0,0,0,0,0,0,1,0,0.1,0.1,0,0.1,6,15,33,0,0,0,0,0,0.02,0,0.03,0.02,0.03,Matches
440,Dane Scarlett,eng ENG,FW,Tottenham,20-357,2004,2,0,29,0.3,0,1,1,0,0,0,0,0,0,0,0,0,1,1,0,0,3.1,3.1,0,3.1,0,0.14,0.14,0,0.14,Matches
441,Kevin Schade,de GER,FW,Brentford,23-109,2001,29,17,"1,575",17.5,7,2,9,7,0,0,2,0,5.8,5.8,2.7,8.4,43,30,118,0.4,0.11,0.51,0.4,0.51,0.33,0.15,0.48,0.33,0.48,Matches
442,Fabian Schär,ch SUI,DF,Newcastle Utd,33-086,1991,24,23,"2,052",22.8,2,0,2,2,0,0,5,1,1.6,1.6,0.3,1.9,12,74,16,0.09,0,0.09,0.09,0.09,0.07,0.01,0.08,0.07,0.08,Matches
443,Jeffrey Schlupp,gh GHA,"MF,DF",Crystal Palace,32-083,1992,12,0,103,1.1,0,0,0,0,0,0,0,0,0.2,0.2,0.2,0.3,4,5,9,0,0,0,0,0,0.14,0.14,0.28,0.14,0.28,Matches
444,Alex Scott,eng ENG,MF,Bournemouth,21-207,2003,12,2,380,4.2,0,0,0,0,0,0,1,0,0.3,0.3,0.3,0.6,8,42,17,0,0,0,0,0,0.06,0.07,0.13,0.06,0.13,Matches
445,Matz Sels,be BEL,GK,Nott'ham Forest,33-018,1992,29,29,"2,610",29,0,0,0,0,0,0,2,0,0,0,0,0,0,1,0,0,0,0,0,0,0,0,0,0,0,Matches
446,Nélson Semedo,pt POR,DF,Wolves,31-120,1993,25,24,"2,145",23.8,0,4,4,0,0,0,7,0,0.6,0.6,2.6,3.2,52,54,93,0,0.17,0.17,0,0.17,0.03,0.11,0.13,0.03,0.13,Matches
447,Antoine Semenyo,gh GHA,FW,Bournemouth,25-068,2000,28,28,"2,465",27.4,7,4,11,7,0,0,9,0,8.6,8.6,5.1,13.7,112,86,224,0.26,0.15,0.4,0.26,0.4,0.31,0.19,0.5,0.31,0.5,Matches
448,Marcos Senesi,ar ARG,DF,Bournemouth,27-310,1997,11,11,917,10.2,0,0,0,0,0,0,4,0,0.8,0.8,0.2,1,11,45,3,0,0,0,0,0,0.08,0.02,0.1,0.08,0.1,Matches
449,Ryan Sessegnon,eng ENG,"DF,MF",Fulham,24-302,2000,6,1,92,1,1,0,1,1,0,0,0,0,0.4,0.4,0.3,0.7,2,2,6,0.98,0,0.98,0.98,0.98,0.4,0.29,0.69,0.4,0.69,Matches
450,Luke Shaw,eng ENG,DF,Manchester Utd,29-247,1995,2,0,70,0.8,0,0,0,0,0,0,0,0,0,0,0,0,1,6,0,0,0,0,0,0,0,0,0,0,0,Matches
Rk,Player,Nation,Pos,Squad,Age,Born,MP,Starts,Min,90s,Gls,Ast,G+A,G-PK,PK,PKatt,CrdY,CrdR,xG,npxG,xAG,npxG+xAG,PrgC,PrgP,PrgR,Gls,Ast,G+A,G-PK,G+A-PK,xG,xAG,xG+xAG,npxG,npxG+xAG,Matches
451,Zain Silcott-Duberry,ms MSR,FW,Bournemouth,19-250,2005,1,0,1,0,0,0,0,0,0,0,0,0,0,0,0,0,0,0,0,0,0,0,0,0,0,0,0,0,0,Matches
452,Bernardo Silva,pt POR,"MF,FW",Manchester City,30-218,1994,26,22,"2,041",22.7,2,4,6,2,0,0,5,0,3,3,4.2,7.2,82,97,169,0.09,0.18,0.26,0.09,0.26,0.13,0.18,0.32,0.13,0.32,Matches
453,Jota Silva,pt POR,"FW,MF",Nott'ham Forest,25-227,1999,25,4,725,8.1,2,1,3,2,0,0,4,0,1.5,1.5,2.8,4.3,17,14,47,0.25,0.12,0.37,0.25,0.37,0.19,0.35,0.54,0.19,0.54,Matches
454,Eric da Silva Moreira,de GER,"MF,DF",Nott'ham Forest,18-317,2006,2,0,30,0.3,0,0,0,0,0,0,0,0,0,0,0,0,1,0,1,0,0,0,0,0,0,0,0,0,0,Matches
455,Jahmai Simpson-Pusey,eng ENG,DF,Manchester City,19-132,2005,2,1,96,1.1,0,0,0,0,0,0,1,0,0,0,0,0,1,3,0,0,0,0,0,0,0,0,0,0,0,Matches
456,Luis Sinisterra,co COL,"FW,MF",Bournemouth,25-272,1999,12,1,236,2.6,1,1,2,1,0,0,0,0,1.2,1.2,1.4,2.6,19,6,38,0.38,0.38,0.76,0.38,0.76,0.46,0.54,1,0.46,1,Matches
457,Oliver Skipp,eng ENG,MF,Leicester City,24-181,2000,16,7,779,8.7,0,0,0,0,0,0,4,0,0.1,0.1,0.2,0.3,14,23,14,0,0,0,0,0,0.01,0.02,0.04,0.01,0.04,Matches
458,William Smallbone,ie IRL,MF,Southampton,25-023,2000,12,6,555,6.2,1,0,1,1,0,0,1,0,0.4,0.4,0.6,1,4,22,18,0.16,0,0.16,0.16,0.16,0.06,0.1,0.17,0.06,0.17,Matches
459,Adam Smith,eng ENG,DF,Bournemouth,33-321,1991,17,12,"1,035",11.5,0,0,0,0,0,0,4,0,0.6,0.6,0.1,0.7,7,31,16,0,0,0,0,0,0.05,0.01,0.06,0.05,0.06,Matches
460,Emile Smith Rowe,eng ENG,MF,Fulham,24-231,2000,25,21,"1,653",18.4,5,2,7,5,0,0,1,0,4.1,4.1,1.1,5.2,50,104,96,0.27,0.11,0.38,0.27,0.38,0.22,0.06,0.28,0.22,0.28,Matches
461,Dominic Solanke,eng ENG,FW,Tottenham,27-183,1997,19,19,"1,688",18.8,7,3,10,7,0,0,0,0,8.6,8.6,2.8,11.4,27,38,74,0.37,0.16,0.53,0.37,0.53,0.46,0.15,0.61,0.46,0.61,Matches
462,Carlos Soler,es ESP,"MF,FW",West Ham,28-073,1997,24,12,"1,098",12.2,1,1,2,1,0,0,5,0,1.2,1.2,1.1,2.3,12,45,21,0.08,0.08,0.16,0.08,0.16,0.1,0.09,0.19,0.1,0.19,Matches
463,Ramón Sosa,py PAR,"FW,MF",Nott'ham Forest,25-197,1999,14,1,241,2.7,1,0,1,1,0,0,1,0,0.9,0.9,0.4,1.4,10,4,14,0.37,0,0.37,0.37,0.37,0.35,0.15,0.51,0.35,0.51,Matches
464,Tomáš Souček,cz CZE,MF,West Ham,30-017,1995,27,24,"2,083",23.1,7,1,8,7,0,0,8,0,4.9,4.9,1,5.9,6,65,55,0.3,0.04,0.35,0.3,0.35,0.21,0.04,0.25,0.21,0.25,Matches
465,Boubakary Soumaré,fr FRA,MF,Leicester City,26-017,1999,21,17,"1,500",16.7,0,0,0,0,0,0,8,0,0.2,0.2,0.3,0.5,26,71,20,0,0,0,0,0,0.01,0.02,0.03,0.01,0.03,Matches
466,Djed Spence,eng ENG,DF,Tottenham,24-219,2000,15,10,974,10.8,1,1,2,1,0,0,3,1,0.3,0.3,1.5,1.7,35,57,46,0.09,0.09,0.18,0.09,0.18,0.02,0.14,0.16,0.02,0.16,Matches
467,Jay Stansfield,eng ENG,MF,Fulham,22-112,2002,1,0,1,0,0,0,0,0,0,0,0,0,0,0,0,0,0,0,0,0,0,0,0,0,0,0,0,0,0,Matches
468,Jason Steele,eng ENG,GK,Brighton,34-210,1990,2,2,180,2,0,0,0,0,0,0,0,0,0,0,0,0,0,0,0,0,0,0,0,0,0,0,0,0,0,Matches
469,Jack Stephens,eng ENG,DF,Southampton,31-048,1994,12,10,804,8.9,0,0,0,0,0,0,2,2,0.3,0.3,0.1,0.4,11,43,1,0,0,0,0,0,0.03,0.02,0.05,0.03,0.05,Matches
470,Raheem Sterling,eng ENG,"FW,MF",Arsenal,30-098,1994,12,4,310,3.4,0,1,1,0,0,0,1,0,1,1,0.3,1.3,18,14,57,0,0.29,0.29,0,0.29,0.3,0.08,0.38,0.3,0.38,Matches
471,Ross Stewart,sct SCO,"FW,MF",Southampton,28-248,1996,4,1,132,1.5,0,0,0,0,0,0,1,0,0.1,0.1,0,0.1,1,1,5,0,0,0,0,0,0.08,0,0.08,0.08,0.08,Matches
472,Jakub Stolarczyk,pl POL,GK,Leicester City,24-087,2000,6,6,540,6,0,0,0,0,0,0,1,0,0,0,0,0,0,1,0,0,0,0,0,0,0,0,0,0,0,Matches
473,John Stones,eng ENG,"DF,MF",Manchester City,30-292,1994,11,6,548,6.1,2,0,2,2,0,0,1,0,0.4,0.4,0.1,0.5,10,21,2,0.33,0,0.33,0.33,0.33,0.07,0.01,0.08,0.07,0.08,Matches
474,Jørgen Strand Larsen,no NOR,FW,Wolves,25-038,2000,27,24,"2,066",23,9,2,11,9,0,0,3,0,6.6,6.6,1.7,8.2,11,22,79,0.39,0.09,0.48,0.39,0.48,0.29,0.07,0.36,0.29,0.36,Matches
475,Yukinari Sugawara,jp JPN,"DF,MF",Southampton,24-261,2000,26,15,"1,439",16,1,1,2,1,0,0,4,0,0.4,0.4,2.2,2.7,30,67,72,0.06,0.06,0.13,0.06,0.13,0.03,0.14,0.17,0.03,0.17,Matches
Rk,Player,Nation,Pos,Squad,Age,Born,MP,Starts,Min,90s,Gls,Ast,G+A,G-PK,PK,PKatt,CrdY,CrdR,xG,npxG,xAG,npxG+xAG,PrgC,PrgP,PrgR,Gls,Ast,G+A,G-PK,G+A-PK,xG,xAG,xG+xAG,npxG,npxG+xAG,Matches
476,Kamaldeen Sulemana,gh GHA,"FW,MF",Southampton,23-029,2002,17,8,742,8.2,1,0,1,1,0,0,0,0,0.9,0.9,0.4,1.2,34,12,56,0.12,0,0.12,0.12,0.12,0.11,0.04,0.15,0.11,0.15,Matches
477,Crysencio Summerville,nl NED,"FW,MF",West Ham,23-137,2001,19,7,786,8.7,1,1,2,1,0,0,2,0,1.6,1.6,1.7,3.3,29,18,71,0.11,0.11,0.23,0.11,0.23,0.19,0.19,0.38,0.19,0.38,Matches
478,Sammie Szmodics,ie IRL,"FW,MF",Ipswich Town,29-173,1995,19,13,979,10.9,4,0,4,4,0,0,2,0,3.4,3.4,0.2,3.6,16,18,46,0.37,0,0.37,0.37,0.37,0.31,0.02,0.33,0.31,0.33,Matches
479,Dominik Szoboszlai,hu HUN,MF,Liverpool,24-142,2000,27,22,"1,953",21.7,5,3,8,5,0,0,6,0,6.7,6.7,5,11.7,61,101,108,0.23,0.14,0.37,0.23,0.37,0.31,0.23,0.54,0.31,0.54,Matches
480,Matt Targett,eng ENG,DF,Newcastle Utd,29-179,1995,1,0,12,0.1,0,0,0,0,0,0,0,0,0,0,0,0,0,0,0,0,0,0,0,0,0,0,0,0,0,Matches
481,James Tarkowski,eng ENG,DF,Everton,32-117,1992,29,29,"2,601",28.9,1,1,2,1,0,0,4,0,1.1,1.1,2.2,3.3,8,69,3,0.03,0.03,0.07,0.03,0.07,0.04,0.08,0.12,0.04,0.12,Matches
482,Marcus Tavernier,eng ENG,"FW,MF",Bournemouth,25-359,1999,22,16,"1,505",16.7,3,5,8,3,0,0,5,0,5.2,5.2,2.8,8,36,95,101,0.18,0.3,0.48,0.18,0.48,0.31,0.17,0.48,0.31,0.48,Matches
483,Charlie Taylor,eng ENG,DF,Southampton,31-179,1993,7,2,266,3,0,0,0,0,0,0,1,0,0,0,0.1,0.1,3,8,6,0,0,0,0,0,0,0.03,0.03,0,0.03,Matches
484,Jack Taylor,ie IRL,MF,Ipswich Town,26-266,1998,23,1,495,5.5,1,0,1,1,0,0,3,0,0.6,0.6,0.5,1.1,9,36,14,0.18,0,0.18,0.18,0.18,0.1,0.1,0.2,0.1,0.2,Matches
485,Mathys Tel,fr FRA,FW,Tottenham,19-323,2005,3,3,229,2.5,0,0,0,0,0,0,0,0,0.8,0.8,0.1,0.8,3,1,8,0,0,0,0,0,0.3,0.02,0.32,0.3,0.32,Matches
486,Kenny Tete,nl NED,DF,Fulham,29-158,1995,15,15,"1,262",14,0,2,2,0,0,0,3,0,1,1,0.7,1.8,33,42,39,0,0.14,0.14,0,0.14,0.07,0.05,0.13,0.07,0.13,Matches
487,Thiago,br BRA,FW,Brentford,23-263,2001,4,1,132,1.5,0,0,0,0,0,0,0,0,0.1,0.1,0.1,0.2,3,2,4,0,0,0,0,0,0.07,0.05,0.11,0.07,0.11,Matches
488,Luke Thomas,eng ENG,DF,Leicester City,23-279,2001,4,3,273,3,0,0,0,0,0,0,0,0,0,0,0.1,0.1,2,10,6,0,0,0,0,0,0.01,0.02,0.02,0.01,0.02,Matches
489,Youri Tielemans,be BEL,MF,Aston Villa,27-313,1997,29,29,"2,491",27.7,2,4,6,2,0,1,4,0,2.6,1.8,5.7,7.5,30,187,35,0.07,0.14,0.22,0.07,0.22,0.09,0.21,0.3,0.07,0.27,Matches
490,Kieran Tierney,sct SCO,"DF,FW",Arsenal,27-284,1997,5,0,80,0.9,0,0,0,0,0,0,0,0,0.2,0.2,0.5,0.7,2,3,8,0,0,0,0,0,0.23,0.55,0.78,0.23,0.78,Matches
491,Jurriën Timber,nl NED,DF,Arsenal,23-272,2001,25,24,"2,109",23.4,1,2,3,1,0,0,7,0,0.7,0.7,0.8,1.5,48,126,92,0.04,0.09,0.13,0.04,0.13,0.03,0.03,0.06,0.03,0.06,Matches
492,Jean-Clair Todibo,fr FRA,DF,West Ham,25-076,1999,19,12,"1,145",12.7,0,0,0,0,0,0,2,0,0.2,0.2,0,0.2,6,24,4,0,0,0,0,0,0.01,0,0.01,0.01,0.01,Matches
493,Harry Toffolo,eng ENG,DF,Nott'ham Forest,29-209,1995,3,0,47,0.5,0,0,0,0,0,0,0,0,0,0,0,0,0,2,4,0,0,0,0,0,0.03,0,0.03,0.03,0.03,Matches
494,Takehiro Tomiyasu,jp JPN,DF,Arsenal,26-131,1998,1,0,7,0.1,0,0,0,0,0,0,0,0,0.2,0.2,0,0.2,0,1,0,0,0,0,0,0,2.37,0,2.37,2.37,2.37,Matches
495,Sandro Tonali,it ITA,MF,Newcastle Utd,24-312,2000,26,18,"1,730",19.2,1,1,2,1,0,0,5,0,3.1,3.1,0.6,3.7,28,79,35,0.05,0.05,0.1,0.05,0.1,0.16,0.03,0.19,0.16,0.19,Matches
496,Pau Torres,es ESP,DF,Aston Villa,28-059,1997,18,18,"1,549",17.2,0,0,0,0,0,0,1,0,0.5,0.5,0,0.5,31,70,4,0,0,0,0,0,0.03,0,0.03,0.03,0.03,Matches
497,Conor Townsend,eng ENG,DF,Ipswich Town,32-012,1993,3,1,136,1.5,0,0,0,0,0,0,0,0,0,0,0.4,0.4,1,2,4,0,0,0,0,0,0,0.25,0.25,0,0.25,Matches
498,Adama Traoré,es ESP,"FW,MF",Fulham,29-050,1996,26,15,"1,379",15.3,2,5,7,2,0,0,2,0,3.7,3.7,4.1,7.8,78,53,133,0.13,0.33,0.46,0.13,0.46,0.24,0.27,0.51,0.24,0.51,Matches
499,Mark Travers,ie IRL,GK,Bournemouth,25-302,1999,5,5,450,5,0,0,0,0,0,0,0,0,0,0,0,0,0,0,0,0,0,0,0,0,0,0,0,0,0,Matches
500,Ryan Trevitt,eng ENG,MF,Brentford,22-004,2003,1,0,4,0,0,0,0,0,0,0,0,0,0,0,0,0,0,0,1,0,0,0,0,0,0,0,0,0,0,Matches
Rk,Player,Nation,Pos,Squad,Age,Born,MP,Starts,Min,90s,Gls,Ast,G+A,G-PK,PK,PKatt,CrdY,CrdR,xG,npxG,xAG,npxG+xAG,PrgC,PrgP,PrgR,Gls,Ast,G+A,G-PK,G+A-PK,xG,xAG,xG+xAG,npxG,npxG+xAG,Matches
501,Kieran Trippier,eng ENG,DF,Newcastle Utd,34-178,1990,17,7,698,7.8,0,0,0,0,0,0,1,0,0,0,0.5,0.6,15,48,29,0,0,0,0,0,0.01,0.07,0.07,0.01,0.07,Matches
502,Leandro Trossard,be BEL,FW,Arsenal,30-102,1994,28,20,"1,807",20.1,4,5,9,4,0,0,4,1,4.9,4.9,5,9.9,61,78,165,0.2,0.25,0.45,0.2,0.45,0.24,0.25,0.49,0.24,0.49,Matches
503,Kostas Tsimikas,gr GRE,DF,Liverpool,28-308,1996,14,5,517,5.7,0,1,1,0,0,0,2,0,0.1,0.1,1,1.1,13,53,25,0,0.17,0.17,0,0.17,0.02,0.18,0.2,0.02,0.2,Matches
504,Axel Tuanzebe,cd COD,DF,Ipswich Town,27-122,1997,14,13,"1,095",12.2,0,1,1,0,0,0,5,1,0.2,0.2,0.3,0.5,7,39,7,0,0.08,0.08,0,0.08,0.02,0.02,0.04,0.02,0.04,Matches
505,Destiny Udogie,it ITA,DF,Tottenham,22-108,2002,21,20,"1,564",17.4,0,1,1,0,0,0,2,0,0.3,0.3,1.3,1.6,44,107,82,0,0.06,0.06,0,0.06,0.02,0.07,0.09,0.02,0.09,Matches
506,Manuel Ugarte Ribeiro,uy URU,MF,Manchester Utd,23-339,2001,20,15,"1,259",14,1,0,1,1,0,0,8,0,0.4,0.4,0.6,1,9,43,14,0.07,0,0.07,0.07,0.07,0.03,0.04,0.07,0.03,0.07,Matches
507,Lesley Ugochukwu,fr FRA,MF,Southampton,20-355,2004,18,10,"1,025",11.4,0,1,1,0,0,0,4,0,0.4,0.4,0.8,1.1,21,42,16,0,0.09,0.09,0,0.09,0.03,0.07,0.1,0.03,0.1,Matches
508,Enes Ünal,tr TUR,"FW,MF",Bournemouth,27-310,1997,17,2,345,3.8,2,1,3,2,0,0,2,0,2.7,2.7,0.4,3.1,4,12,22,0.52,0.26,0.78,0.52,0.78,0.72,0.1,0.82,0.72,0.82,Matches
509,Virgil van Dijk,nl NED,DF,Liverpool,33-251,1991,29,29,"2,610",29,1,1,2,1,0,0,3,0,1.6,1.6,0.5,2,15,131,5,0.03,0.03,0.07,0.03,0.07,0.05,0.02,0.07,0.05,0.07,Matches
510,Jamie Vardy,eng ENG,FW,Leicester City,38-064,1987,26,26,"2,136",23.7,7,3,10,6,1,1,4,0,8.8,8,2.5,10.5,25,17,89,0.29,0.13,0.42,0.25,0.38,0.37,0.1,0.47,0.34,0.44,Matches
511,Renato Veiga,pt POR,"DF,MF",Chelsea,21-230,2003,7,1,181,2,0,0,0,0,0,0,2,0,0.1,0.1,0,0.1,4,7,3,0,0,0,0,0,0.07,0,0.07,0.07,0.07,Matches
512,Joël Veltman,nl NED,DF,Brighton,33-060,1992,19,19,"1,643",18.3,0,0,0,0,0,0,4,0,0.5,0.5,0.5,0.9,29,79,32,0,0,0,0,0,0.03,0.03,0.05,0.03,0.05,Matches
513,Micky van de Ven,nl NED,DF,Tottenham,23-331,2001,10,9,818,9.1,0,2,2,0,0,0,4,0,0.4,0.4,1.2,1.5,8,44,1,0,0.22,0.22,0,0.22,0.04,0.13,0.17,0.04,0.17,Matches
514,Bart Verbruggen,nl NED,GK,Brighton,22-210,2002,27,27,"2,430",27,0,1,1,0,0,0,5,0,0,0,0,0,0,2,0,0,0.04,0.04,0,0.04,0,0,0,0,0,Matches
515,Jannik Vestergaard,dk DEN,DF,Leicester City,32-225,1992,18,16,"1,391",15.5,0,0,0,0,0,0,5,0,0.1,0.1,0.1,0.2,3,32,2,0,0,0,0,0,0.01,0.01,0.01,0.01,0.01,Matches
516,Guglielmo Vicario,it ITA,GK,Tottenham,28-160,1996,16,16,"1,440",16,0,0,0,0,0,0,1,0,0,0,0,0,0,1,0,0,0,0,0,0,0,0,0,0,0,Matches
517,Carlos Vinícius,br BRA,MF,Fulham,29-356,1995,1,0,4,0,0,0,0,0,0,0,0,0,0,0,0,0,1,0,1,0,0,0,0,0,0.83,0,0.83,0.83,0.83,Matches
518,Kyle Walker,eng ENG,DF,Manchester City,34-292,1990,15,9,970,10.8,0,0,0,0,0,0,3,0,0.1,0.1,0.4,0.6,12,64,11,0,0,0,0,0,0.01,0.04,0.05,0.01,0.05,Matches
519,Kyle Walker-Peters,eng ENG,DF,Southampton,27-337,1997,27,27,"2,378",26.4,0,2,2,0,0,0,5,0,0.5,0.5,2.6,3,97,114,114,0,0.08,0.08,0,0.08,0.02,0.1,0.12,0.02,0.12,Matches
520,Christian Walton,eng ENG,GK,Ipswich Town,29-127,1995,6,6,540,6,0,0,0,0,0,0,0,0,0,0,0,0,0,0,0,0,0,0,0,0,0,0,0,0,0,Matches
521,Aaron Wan-Bissaka,eng ENG,DF,West Ham,27-110,1997,28,27,"2,434",27,2,2,4,2,0,0,1,0,1,1,2.3,3.4,88,108,118,0.07,0.07,0.15,0.07,0.15,0.04,0.09,0.12,0.04,0.12,Matches
522,Danny Ward,wls WAL,GK,Leicester City,31-267,1993,2,1,135,1.5,0,0,0,0,0,0,0,0,0,0,0,0,0,0,0,0,0,0,0,0,0,0,0,0,0,Matches
523,James Ward-Prowse,eng ENG,MF,West Ham,30-135,1994,6,4,416,4.6,0,0,0,0,0,0,1,0,0.3,0.3,0.4,0.7,4,22,2,0,0,0,0,0,0.07,0.09,0.16,0.07,0.16,Matches
524,James Ward-Prowse,eng ENG,MF,Nott'ham Forest,30-135,1994,9,5,400,4.4,0,1,1,0,0,0,2,1,0.1,0.1,1.1,1.2,1,16,3,0,0.23,0.23,0,0.23,0.01,0.25,0.26,0.01,0.26,Matches
525,Ollie Watkins,eng ENG,FW,Aston Villa,29-076,1995,29,25,"2,055",22.8,13,6,19,11,2,2,0,0,13.9,12.3,2.7,14.9,44,22,128,0.57,0.26,0.83,0.48,0.74,0.61,0.12,0.72,0.54,0.65,Matches
Rk,Player,Nation,Pos,Squad,Age,Born,MP,Starts,Min,90s,Gls,Ast,G+A,G-PK,PK,PKatt,CrdY,CrdR,xG,npxG,xAG,npxG+xAG,PrgC,PrgP,PrgR,Gls,Ast,G+A,G-PK,G+A-PK,xG,xAG,xG+xAG,npxG,npxG+xAG,Matches
526,Adam Webster,eng ENG,DF,Brighton,30-071,1995,11,8,617,6.9,0,0,0,0,0,0,0,0,0,0,0.5,0.5,7,40,2,0,0,0,0,0,0,0.07,0.08,0,0.08,Matches
527,Danny Welbeck,eng ENG,FW,Brighton,34-110,1990,22,17,"1,487",16.5,7,4,11,7,0,0,2,0,6.7,6.7,1,7.7,17,34,59,0.42,0.24,0.67,0.42,0.67,0.4,0.06,0.46,0.4,0.46,Matches
528,Welington,br BRA,"DF,MF",Southampton,24-025,2001,4,3,172,1.9,0,0,0,0,0,0,1,0,0,0,0,0,1,3,6,0,0,0,0,0,0,0.02,0.02,0,0.02,Matches
529,Timo Werner,de GER,"FW,MF",Tottenham,29-010,1996,18,4,516,5.7,0,3,3,0,0,0,0,0,1,1,2.5,3.5,42,30,89,0,0.52,0.52,0,0.52,0.17,0.44,0.61,0.17,0.61,Matches
530,Adam Wharton,eng ENG,MF,Crystal Palace,20-287,2004,13,10,843,9.4,0,0,0,0,0,0,1,0,0.3,0.3,2,2.2,9,88,10,0,0,0,0,0,0.03,0.21,0.24,0.03,0.24,Matches
531,Ben White,eng ENG,DF,Arsenal,27-159,1997,11,7,706,7.8,0,1,1,0,0,0,2,0,0.2,0.2,0.4,0.6,5,32,18,0,0.13,0.13,0,0.13,0.02,0.06,0.08,0.02,0.08,Matches
532,Mats Wieffer,nl NED,MF,Brighton,25-120,1999,17,4,494,5.5,1,1,2,1,0,0,4,0,0.5,0.5,0.6,1.1,5,37,9,0.18,0.18,0.36,0.18,0.36,0.08,0.11,0.19,0.08,0.19,Matches
533,Neco Williams,wls WAL,DF,Nott'ham Forest,23-337,2001,26,19,"1,784",19.8,1,1,2,1,0,0,4,0,1.8,1.8,1,2.8,45,57,65,0.05,0.05,0.1,0.05,0.1,0.09,0.05,0.14,0.09,0.14,Matches
534,Willian,br BRA,MF,Fulham,36-219,1988,4,0,45,0.5,0,0,0,0,0,0,0,0,0,0,0.2,0.3,3,6,5,0,0,0,0,0,0.08,0.46,0.54,0.08,0.54,Matches
535,Joe Willock,eng ENG,"MF,FW",Newcastle Utd,25-208,1999,25,9,818,9.1,0,2,2,0,0,0,2,0,0.9,0.9,1.6,2.5,28,34,67,0,0.22,0.22,0,0.22,0.09,0.18,0.27,0.09,0.27,Matches
536,Callum Wilson,eng ENG,"FW,MF",Newcastle Utd,33-017,1992,8,1,163,1.8,0,0,0,0,0,0,1,0,0.2,0.2,0,0.2,3,2,4,0,0,0,0,0,0.13,0,0.13,0.13,0.13,Matches
537,Harry Wilson,wls WAL,"FW,MF",Fulham,27-359,1997,19,8,839,9.3,5,1,6,5,0,0,2,0,3.2,3.2,1,4.2,16,42,71,0.54,0.11,0.64,0.54,0.64,0.35,0.11,0.45,0.35,0.45,Matches
538,Harry Winks,eng ENG,MF,Leicester City,29-042,1996,21,17,"1,511",16.8,0,2,2,0,0,0,4,0,0.2,0.2,1.2,1.4,19,98,11,0,0.12,0.12,0,0.12,0.01,0.07,0.08,0.01,0.08,Matches
539,Ben Winterburn,eng ENG,MF,Bournemouth,20-193,2004,2,0,10,0.1,0,0,0,0,0,0,0,0,0,0,0,0,0,0,0,0,0,0,0,0,0,0,0,0,0,Matches
540,Yoane Wissa,cd COD,FW,Brentford,28-194,1996,26,25,"2,110",23.4,14,2,16,14,0,0,2,0,13.6,13.6,1.6,15.1,41,49,117,0.6,0.09,0.68,0.6,0.68,0.58,0.07,0.64,0.58,0.64,Matches
541,Chris Wood,nz NZL,FW,Nott'ham Forest,33-099,1991,29,28,"2,344",26,18,3,21,15,3,3,1,0,11,8.7,1.9,10.6,13,33,72,0.69,0.12,0.81,0.58,0.69,0.42,0.07,0.5,0.33,0.41,Matches
542,Nathan Wood-Gordon,eng ENG,DF,Southampton,22-289,2002,9,7,624,6.9,0,0,0,0,0,0,2,0,0.2,0.2,0,0.3,2,17,0,0,0,0,0,0,0.03,0,0.04,0.03,0.04,Matches
543,Luke Woolfenden,eng ENG,DF,Ipswich Town,26-146,1998,13,10,"1,007",11.2,0,0,0,0,0,0,2,0,0,0,0,0,7,15,0,0,0,0,0,0,0,0,0,0,0,Matches
544,Yehor Yarmoliuk,ua UKR,MF,Brentford,21-015,2004,22,7,795,8.8,0,0,0,0,0,0,3,0,0.6,0.6,0.3,0.9,12,36,37,0,0,0,0,0,0.07,0.03,0.1,0.07,0.1,Matches
545,Ryan Yates,eng ENG,MF,Nott'ham Forest,27-115,1997,26,15,"1,546",17.2,2,0,2,2,0,0,8,0,2.2,2.2,0.9,3.1,15,40,12,0.12,0,0.12,0.12,0.12,0.13,0.05,0.18,0.13,0.18,Matches
546,Leny Yoro,fr FRA,DF,Manchester Utd,19-123,2005,14,7,700,7.8,0,0,0,0,0,0,3,0,0.7,0.7,0,0.7,7,31,3,0,0,0,0,0,0.09,0,0.09,0.09,0.09,Matches
547,Ashley Young,eng ENG,"DF,FW",Everton,39-250,1985,25,17,"1,557",17.3,1,3,4,1,0,0,6,1,0.3,0.3,1.6,1.8,19,81,25,0.06,0.17,0.23,0.06,0.23,0.02,0.09,0.11,0.02,0.11,Matches
548,Illia Zabarnyi,ua UKR,DF,Bournemouth,22-196,2002,27,27,"2,364",26.3,0,0,0,0,0,0,3,1,0.8,0.8,0.5,1.3,18,94,3,0,0,0,0,0,0.03,0.02,0.05,0.03,0.05,Matches
549,Oleksandr Zinchenko,ua UKR,"DF,MF",Arsenal,28-091,1996,10,2,299,3.3,0,0,0,0,0,0,1,0,0.2,0.2,0,0.2,7,21,7,0,0,0,0,0,0.05,0.01,0.05,0.05,0.05,Matches
550,Joshua Zirkzee,nl NED,"FW,MF",Manchester Utd,23-298,2001,28,12,"1,229",13.7,3,1,4,3,0,0,2,0,4.5,4.5,1.5,6,11,36,64,0.22,0.07,0.29,0.22,0.29,0.33,0.11,0.44,0.33,0.44,Matches
Rk,Player,Nation,Pos,Squad,Age,Born,MP,Starts,Min,90s,Gls,Ast,G+A,G-PK,PK,PKatt,CrdY,CrdR,xG,npxG,xAG,npxG+xAG,PrgC,P,,,,,,,,,,,,