"Player","Team","Position","Type","Team","Date (PDT)","Gameweek"
"Marshall Munetsi","WOL","M","Claim","We don't talk about Bruno","Sat Mar 15, 2025, 7:46AM","29"
"Mateo Kovacic","MCI","M","Drop","We don't talk about Bruno","Sat Mar 15, 2025, 7:46AM","29"
"Matthijs de Ligt","MUN","D","Claim","We don't talk about Bruno","Sat Mar 15, 2025, 7:45AM","29"
"Malo Gusto","CHE","D","Drop","We don't talk about Bruno","Sat Mar 15, 2025, 7:45AM","29"
"Jorgen Strand Larsen","WOL","F","Claim","Tiki Tak","Fri Mar 14, 2025, 10:35PM","29"
"Eddie Nketiah","CRY","F","Drop","Tiki Tak","Fri Mar 14, 2025, 10:35PM","29"
"Casemiro","MUN","M","Claim","Just gimme de Ligt and pass the Rice.","Fri Mar 14, 2025, 1:33PM","29"
"Dean Henderson","CRY","G","Drop","Just gimme de Ligt and pass the Rice.","Fri Mar 14, 2025, 1:33PM","29"
"Taylor Harwood-Bellis","SOU","D","Claim","Just gimme de Ligt and pass the Rice.","Fri Mar 14, 2025, 1:24PM","29"
"Jan Bednarek","SOU","D","Drop","Just gimme de Ligt and pass the Rice.","Fri Mar 14, 2025, 1:24PM","29"
"Nelson Semedo","WOL","D","Claim","Zirkish De Ligt","Fri Mar 14, 2025, 12:22PM","29"
"Jacob Murphy","NEW","M","Drop","Zirkish De Ligt","Fri Mar 14, 2025, 12:22PM","29"
"Keane Lewis-Potter","BRF","F","Claim","Just gimme de Ligt and pass the Rice.","Fri Mar 14, 2025, 9:00AM","29"
"Jarrad Branthwaite","EVE","D","Drop","Just gimme de Ligt and pass the Rice.","Fri Mar 14, 2025, 9:00AM","29"
"Noussair Mazraoui","MUN","D","Claim","JP","Fri Mar 14, 2025, 9:00AM","29"
"Manuel Akanji","MCI","D","Drop","JP","Fri Mar 14, 2025, 9:00AM","29"
"Marc Cucurella","CHE","D","Claim","Tiki Tak","Sat Mar 8, 2025, 3:10AM","28"
"Jorgen Strand Larsen","WOL","F","Drop","Tiki Tak","Sat Mar 8, 2025, 3:10AM","28"
"Eddie Nketiah","CRY","F","Claim","Tiki Tak","Sat Mar 8, 2025, 3:10AM","28"
"Reece James","CHE","D","Drop","Tiki Tak","Sat Mar 8, 2025, 3:10AM","28"
"Reece James","CHE","D","Claim","Tiki Tak","Sat Mar 8, 2025, 3:07AM","28"
"Dean Huijsen","BOU","D","Drop","Tiki Tak","Sat Mar 8, 2025, 3:07AM","28"
"Adam Wharton","CRY","M","Claim","Rocksolid FC","Sat Mar 8, 2025, 12:00AM","28"
"Dwight McNeil","EVE","M,F","Drop","Rocksolid FC","Sat Mar 8, 2025, 12:00AM","28"
"Calvin Bassey","FUL","D","Claim","Virgile","Fri Mar 7, 2025, 10:59PM","28"
"Eddie Nketiah","CRY","F","Drop","Virgile","Fri Mar 7, 2025, 10:59PM","28"
"Raul Jimenez","FUL","F","Claim","Virgile","Fri Mar 7, 2025, 10:56PM","28"
"Lewis Hall","NEW","D,M","Drop","Virgile","Fri Mar 7, 2025, 10:56PM","28"
"Pedro Neto","CHE","M","Claim","That's Amorim!","Fri Mar 7, 2025, 1:09PM","28"
"Carlos Alcaraz","EVE","M","Drop","That's Amorim!","Fri Mar 7, 2025, 1:09PM","28"
"Nikola Milenkovic","NOT","D","Claim","Tiki Tak","Wed Mar 5, 2025, 3:07PM","28"
"Vitalii Mykolenko","EVE","D","Drop","Tiki Tak","Wed Mar 5, 2025, 3:07PM","28"
"Jorgen Strand Larsen","WOL","F","Claim","Tiki Tak","Wed Mar 5, 2025, 3:05PM","28"
"Raul Jimenez","FUL","F","Drop","Tiki Tak","Wed Mar 5, 2025, 3:05PM","28"
"Francisco Evanilson de Lima Barbosa","BOU","F","Claim","Virgile","Sat Mar 1, 2025, 6:07AM","28"
"Liam Delap","IPS","F","Drop","Virgile","Sat Mar 1, 2025, 6:07AM","28"
"Eddie Nketiah","CRY","F","Claim","Virgile","Sat Mar 1, 2025, 6:06AM","28"
"Donyell Malen","AVL","F","Drop","Virgile","Sat Mar 1, 2025, 6:06AM","28"
"Dean Henderson","CRY","G","Claim","Just gimme de Ligt and pass the Rice.","Fri Feb 28, 2025, 9:00AM","28"
"Ryan Gravenberch","LIV","M","Drop","Just gimme de Ligt and pass the Rice.","Fri Feb 28, 2025, 9:00AM","28"
"Mateo Kovacic","MCI","M","Claim","We don't talk about Bruno","Fri Feb 28, 2025, 9:00AM","28"
"Moises Caicedo","CHE","M","Drop","We don't talk about Bruno","Fri Feb 28, 2025, 9:00AM","28"
"Enzo Fernandez","CHE","M","Claim","JP","Sat Feb 22, 2025, 9:00AM","27"
"Amad Diallo","MUN","M,F","Drop","JP","Sat Feb 22, 2025, 9:00AM","27"
"Jarrad Branthwaite","EVE","D","Claim","Just gimme de Ligt and pass the Rice.","Fri Feb 21, 2025, 11:49AM","26"
"Dean Henderson","CRY","G","Drop","Just gimme de Ligt and pass the Rice.","Fri Feb 21, 2025, 11:49AM","26"
"Djed Spence","TOT","D","Claim","Just gimme de Ligt and pass the Rice.","Fri Feb 21, 2025, 11:21AM","26"
"Taylor Harwood-Bellis","SOU","D","Drop","Just gimme de Ligt and pass the Rice.","Fri Feb 21, 2025, 11:21AM","26"
"Kevin Schade","BRF","M","Claim","That's Amorim!","Fri Feb 21, 2025, 9:24AM","26"
"Kai Havertz","ARS","M,F","Drop","That's Amorim!","Fri Feb 21, 2025, 9:24AM","26"
"Mark Flekken","BRF","G","Claim","That's Amorim!","Fri Feb 21, 2025, 9:23AM","26"
"Martin Dubravka","NEW","G","Drop","That's Amorim!","Fri Feb 21, 2025, 9:23AM","26"
"Carlos Alcaraz","EVE","M","Claim","That's Amorim!","Fri Feb 21, 2025, 9:20AM","26"
"Enzo Fernandez","CHE","M","Drop","That's Amorim!","Fri Feb 21, 2025, 9:20AM","26"
"Yankuba Minteh","BHA","M,F","Claim","That's Amorim!","Fri Feb 21, 2025, 9:19AM","26"
"Mateo Kovacic","MCI","M","Drop","That's Amorim!","Fri Feb 21, 2025, 9:19AM","26"
"Ethan Nwaneri","ARS","M","Claim","Zirkish De Ligt","Fri Feb 21, 2025, 9:00AM","26"
"Julio Enciso","IPS","M,F","Drop","Zirkish De Ligt","Fri Feb 21, 2025, 9:00AM","26"
"Kevin Danso","TOT","D","Claim","Zirkish De Ligt","Fri Feb 21, 2025, 9:00AM","26"
"Leif Davis","IPS","D","Drop","Zirkish De Ligt","Fri Feb 21, 2025, 9:00AM","26"
"Daniel Munoz","CRY","D","Claim","JP","Fri Feb 21, 2025, 9:00AM","26"
"Richarlison","TOT","F","Drop","JP","Fri Feb 21, 2025, 9:00AM","26"
"Ruben Dias","MCI","D","Claim","Rocksolid FC","Fri Feb 21, 2025, 9:00AM","26"
"Reece James","CHE","D","Drop","Rocksolid FC","Fri Feb 21, 2025, 9:00AM","26"
"Mikel Merino","ARS","M","Claim","Jared","Fri Feb 21, 2025, 9:00AM","26"
"Abdul Fatawu","LEI","M,F","Drop","Jared","Fri Feb 21, 2025, 9:00AM","26"
"Dean Huijsen","BOU","D","Claim","Tiki Tak","Fri Feb 21, 2025, 9:00AM","26"
"Jacob Ramsey","AVL","M","Drop","Tiki Tak","Fri Feb 21, 2025, 9:00AM","26"
"Mathys Tel","TOT","F","Claim","Zirkish De Ligt","Fri Feb 21, 2025, 9:00AM","26"
"Danny Welbeck","BHA","F","Drop","Zirkish De Ligt","Fri Feb 21, 2025, 9:00AM","26"
"Abdul Fatawu","LEI","M,F","Claim","Jared","Fri Feb 21, 2025, 10:55AM","26"
"Mikel Merino","ARS","M","Drop","Jared","Fri Feb 21, 2025, 10:55AM","26"
"Mikel Merino","ARS","M","Claim","Jared","Sat Feb 15, 2025, 3:05PM","26"
"Abdul Fatawu","LEI","M,F","Drop","Jared","Sat Feb 15, 2025, 3:05PM","26"
"Dean Henderson","CRY","G","Claim","Just gimme de Ligt and pass the Rice.","Fri Feb 14, 2025, 11:46AM","25"
"Jamie Vardy","LEI","F","Drop","Just gimme de Ligt and pass the Rice.","Fri Feb 14, 2025, 11:46AM","25"
"Fabian Schar","NEW","D","Claim","Just gimme de Ligt and pass the Rice.","Fri Feb 14, 2025, 11:44AM","25"
"Lisandro Martinez","MUN","D","Drop","Just gimme de Ligt and pass the Rice.","Fri Feb 14, 2025, 11:44AM","25"
"Jack Harrison","EVE","M,F","Claim","Jared","Fri Feb 14, 2025, 11:38AM","25"
"Jorgen Strand Larsen","WOL","F","Drop","Jared","Fri Feb 14, 2025, 11:38AM","25"
"Beto","EVE","F","Claim","That's Amorim!","Tue Feb 11, 2025, 11:34AM","25"
"Harry Wilson","FUL","M","Drop","That's Amorim!","Tue Feb 11, 2025, 11:34AM","25"
"Julio Enciso","IPS","M,F","Claim","Zirkish De Ligt","Sun Feb 9, 2025, 9:26PM","25"
"Idrissa Gueye","EVE","M","Drop","Zirkish De Ligt","Sun Feb 9, 2025, 9:26PM","25"
"Jacob Ramsey","AVL","M","Claim","Tiki Tak","Sun Feb 9, 2025, 6:12PM","25"
"Fabian Schar","NEW","D","Drop","Tiki Tak","Sun Feb 9, 2025, 6:12PM","25"
"Marco Asensio","AVL","F","Claim","Just gimme de Ligt and pass the Rice.","Sun Feb 9, 2025, 10:35AM","25"
"Matthijs de Ligt","MUN","D","Drop","Just gimme de Ligt and pass the Rice.","Sun Feb 9, 2025, 10:35AM","25"
"Lucas Digne","AVL","D","Claim","Rocksolid FC","Sat Feb 8, 2025, 6:45AM","25"
"Dean Huijsen","BOU","D","Drop","Rocksolid FC","Sat Feb 8, 2025, 6:45AM","25"
"Marcus Rashford","AVL","M,F","Claim","Rocksolid FC","Sat Feb 8, 2025, 6:43AM","25"
"Keane Lewis-Potter","BRF","F","Drop","Rocksolid FC","Sat Feb 8, 2025, 6:43AM","25"
"Dean Huijsen","BOU","D","Claim","Rocksolid FC","Sat Feb 8, 2025, 6:37AM","25"
"Jarrad Branthwaite","EVE","D","Drop","Rocksolid FC","Sat Feb 8, 2025, 6:37AM","25"
"Jarrad Branthwaite","EVE","D","Claim","Rocksolid FC","Fri Jan 31, 2025, 12:58PM","24"
"Tyrick Mitchell","CRY","D","Drop","Rocksolid FC","Fri Jan 31, 2025, 12:58PM","24"
"Idrissa Gueye","EVE","M","Claim","Zirkish De Ligt","Fri Jan 31, 2025, 9:35AM","24"
"Jadon Sancho","CHE","M,F","Drop","Zirkish De Ligt","Fri Jan 31, 2025, 9:35AM","24"
"Joelinton","NEW","F","Claim","JP","Fri Jan 31, 2025, 9:00AM","24"
"Tomas Soucek","WHU","M","Drop","JP","Fri Jan 31, 2025, 9:00AM","24"
"Marcus Tavernier","BOU","M","Claim","Virgile","Fri Jan 31, 2025, 9:00AM","24"
"Jaden Philogene-Bidace","IPS","F","Drop","Virgile","Fri Jan 31, 2025, 9:00AM","24"
"Dominic Solanke","TOT","F","Claim","JP","Sat Jan 25, 2025, 9:00AM","24"
"Joelinton","NEW","F","Drop","JP","Sat Jan 25, 2025, 9:00AM","24"
"Jeremy Doku","MCI","M,F","Claim","That's Amorim!","Sat Jan 25, 2025, 9:00AM","24"
"Kamaldeen Sulemana","SOU","M","Drop","That's Amorim!","Sat Jan 25, 2025, 9:00AM","24"
"Dominik Szoboszlai","LIV","M","Claim","Tiki Tak","Sat Jan 25, 2025, 5:53AM","23"
"Marc Cucurella","CHE","D","Drop","Tiki Tak","Sat Jan 25, 2025, 5:53AM","23"
"Jarrod Bowen","WHU","M,F","Claim","Tiki Tak","Sat Jan 25, 2025, 5:45AM","23"
"Solly March","BHA","M","Drop","Tiki Tak","Sat Jan 25, 2025, 5:45AM","23"
"Vitalii Mykolenko","EVE","D","Claim","Tiki Tak","Sat Jan 25, 2025, 5:43AM","23"
"Noussair Mazraoui","MUN","D","Drop","Tiki Tak","Sat Jan 25, 2025, 5:43AM","23"
"Richarlison","TOT","F","Claim","JP","Fri Jan 24, 2025, 1:52PM","23"
"Dominic Solanke","TOT","F","Drop","JP","Fri Jan 24, 2025, 1:52PM","23"
"Omar Khaled Mohamed Abd Elsala Marmoush","MCI","F","Claim","Rocksolid FC","Fri Jan 24, 2025, 9:00AM","23"
"Jeremy Doku","MCI","M,F","Drop","Rocksolid FC","Fri Jan 24, 2025, 9:00AM","23"
"Reece James","CHE","D","Claim","Rocksolid FC","Sat Jan 18, 2025, 3:27AM","22"
"Diogo Dalot","MUN","D","Drop","Rocksolid FC","Sat Jan 18, 2025, 3:27AM","22"
"Jean-Philippe Mateta","CRY","F","Claim","Tiki Tak","Fri Jan 17, 2025, 2:00PM","22"
"Gabriel Jesus","ARS","F","Drop","Tiki Tak","Fri Jan 17, 2025, 2:00PM","22"
"Kamaldeen Sulemana","SOU","M","Claim","That's Amorim!","Fri Jan 17, 2025, 10:30AM","22"
"Leny Yoro","MUN","D","Drop","That's Amorim!","Fri Jan 17, 2025, 10:30AM","22"
"Kepa","BOU","G","Claim","Rocksolid FC","Fri Jan 17, 2025, 9:05AM","22"
"Lukasz Fabianski","WHU","G","Drop","Rocksolid FC","Fri Jan 17, 2025, 9:05AM","22"
"Jaden Philogene-Bidace","IPS","F","Claim","Virgile","Fri Jan 17, 2025, 9:00AM","22"
"Nikola Milenkovic","NOT","D","Drop","Virgile","Fri Jan 17, 2025, 9:00AM","22"
"Donyell Malen","AVL","F","Claim","Virgile","Fri Jan 17, 2025, 9:00AM","22"
"Curtis Jones","LIV","M","Drop","Virgile","Fri Jan 17, 2025, 9:00AM","22"
"Tyrick Mitchell","CRY","D","Claim","Rocksolid FC","Tue Jan 14, 2025, 10:40AM","21"
"Christian Norgaard","BRF","M","Drop","Rocksolid FC","Tue Jan 14, 2025, 10:40AM","21"
"Lukasz Fabianski","WHU","G","Claim","Rocksolid FC","Tue Jan 14, 2025, 10:38AM","21"
"Kepa","BOU","G","Drop","Rocksolid FC","Tue Jan 14, 2025, 10:38AM","21"
"Danny Welbeck","BHA","F","Claim","Zirkish De Ligt","Mon Jan 13, 2025, 11:56AM","21"
"Omari Hutchinson","IPS","M,F","Drop","Zirkish De Ligt","Mon Jan 13, 2025, 11:56AM","21"
"Noussair Mazraoui","MUN","D","Claim","Tiki Tak","Fri Jan 10, 2025, 1:23PM","21"
"Dominik Szoboszlai","LIV","M","Drop","Tiki Tak","Fri Jan 10, 2025, 1:23PM","21"
"Harry Wilson","FUL","M","Claim","That's Amorim!","Fri Jan 10, 2025, 12:34PM","21"
"Facundo Buonanotte","LEI","M","Drop","That's Amorim!","Fri Jan 10, 2025, 12:34PM","21"
"Aaron Wan-Bissaka","WHU","D","Claim","That's Amorim!","Fri Jan 10, 2025, 12:34PM","21"
"Victor Kristiansen","LEI","D","Drop","That's Amorim!","Fri Jan 10, 2025, 12:34PM","21"
"Robert Sanchez","CHE","G","Claim","Just gimme de Ligt and pass the Rice.","Fri Jan 10, 2025, 9:00AM","21"
"Mark Flekken","BRF","G","Drop","Just gimme de Ligt and pass the Rice.","Fri Jan 10, 2025, 9:00AM","21"
"Rasmus Hojlund","MUN","F","Claim","JP","Fri Jan 10, 2025, 9:00AM","21"
"Danny Welbeck","BHA","F","Drop","JP","Fri Jan 10, 2025, 9:00AM","21"
"Liam Delap","IPS","F","Claim","Virgile","Fri Jan 10, 2025, 9:00AM","21"
"Francisco Evanilson de Lima Barbosa","BOU","F","Drop","Virgile","Fri Jan 10, 2025, 9:00AM","21"
"Alexis Mac Allister","LIV","M","Claim","Rocksolid FC","Sat Jan 4, 2025, 4:08AM","20"
"Adam Wharton","CRY","M","Drop","Rocksolid FC","Sat Jan 4, 2025, 4:08AM","20"
"Neco Williams","NOT","D","Claim","That's Amorim!","Fri Jan 3, 2025, 6:23PM","20"
"Ashley Young","EVE","D","Drop","That's Amorim!","Fri Jan 3, 2025, 6:23PM","20"
"Curtis Jones","LIV","M","Claim","Virgile","Fri Jan 3, 2025, 5:30PM","20"
"Marcus Rashford","AVL","M,F","Drop","Virgile","Fri Jan 3, 2025, 5:30PM","20"
"Jordan Pickford","EVE","G","Claim","Virgile","Fri Jan 3, 2025, 3:17PM","20"
"Robert Sanchez","CHE","G","Drop","Virgile","Fri Jan 3, 2025, 3:17PM","20"
"Marcus Rashford","AVL","M,F","Claim","Virgile","Fri Jan 3, 2025, 3:13PM","20"
"Harvey Barnes","NEW","M","Drop","Virgile","Fri Jan 3, 2025, 3:13PM","20"
"Francisco Evanilson de Lima Barbosa","BOU","F","Claim","Virgile","Fri Jan 3, 2025, 3:01PM","20"
"Noussair Mazraoui","MUN","D","Drop","Virgile","Fri Jan 3, 2025, 3:01PM","20"
"Omari Hutchinson","IPS","M,F","Claim","Zirkish De Ligt","Fri Jan 3, 2025, 1:39PM","20"
"Jarrod Bowen","WHU","M,F","Drop","Zirkish De Ligt","Fri Jan 3, 2025, 1:39PM","20"
"Rayan Ait-Nouri","WOL","D","Claim","Zirkish De Ligt","Fri Jan 3, 2025, 1:31PM","20"
"Tyrick Mitchell","CRY","D","Drop","Zirkish De Ligt","Fri Jan 3, 2025, 1:31PM","20"
"Ibrahima Konate","LIV","D","Claim","Zirkish De Ligt","Fri Jan 3, 2025, 1:30PM","20"
"Joseph Gomez","LIV","D","Drop","Zirkish De Ligt","Fri Jan 3, 2025, 1:30PM","20"
"Joelinton","NEW","F","Claim","JP","Fri Jan 3, 2025, 12:36PM","20"
"Rasmus Hojlund","MUN","F","Drop","JP","Fri Jan 3, 2025, 12:36PM","20"
"Jorgen Strand Larsen","WOL","F","Claim","Jared","Fri Jan 3, 2025, 9:00AM","20"
"Adam Armstrong","SOU","F","Drop","Jared","Fri Jan 3, 2025, 9:00AM","20"
"Savio","MCI","M,F","Claim","Rocksolid FC","Sun Dec 29, 2024, 6:14AM","19"
"Aaron Wan-Bissaka","WHU","D","Drop","Rocksolid FC","Sun Dec 29, 2024, 6:14AM","19"
"Solly March","BHA","M","Claim","Tiki Tak","Sat Dec 28, 2024, 8:03PM","19"
"Francisco Evanilson de Lima Barbosa","BOU","F","Drop","Tiki Tak","Sat Dec 28, 2024, 8:03PM","19"
"Tyrick Mitchell","CRY","D","Claim","Zirkish De Ligt","Sat Dec 28, 2024, 10:26AM","19"
"Djed Spence","TOT","D","Drop","Zirkish De Ligt","Sat Dec 28, 2024, 10:26AM","19"
"Jan Bednarek","SOU","D","Claim","Just gimme de Ligt and pass the Rice.","Sat Dec 28, 2024, 10:18AM","19"
"Lewis Dunk","BHA","D","Drop","Just gimme de Ligt and pass the Rice.","Sat Dec 28, 2024, 10:18AM","19"
"Christian Norgaard","BRF","M","Claim","Rocksolid FC","Thu Dec 26, 2024, 3:38AM","18"
"Mario Lemina","WOL","M","Drop","Rocksolid FC","Thu Dec 26, 2024, 3:38AM","18"
"Tomas Soucek","WHU","M","Claim","JP","Tue Dec 24, 2024, 3:34PM","18"
"Lucas Paqueta","WHU","M","Drop","JP","Tue Dec 24, 2024, 3:34PM","18"
"Lucas Paqueta","WHU","M","Claim","JP","Tue Dec 24, 2024, 3:33PM","18"
"Mason Mount","MUN","M","Drop","JP","Tue Dec 24, 2024, 3:33PM","18"
"Max Kilman","WHU","D","Claim","Just gimme de Ligt and pass the Rice.","Tue Dec 24, 2024, 2:20PM","18"
"Wout Faes","LEI","D","Drop","Just gimme de Ligt and pass the Rice.","Tue Dec 24, 2024, 2:20PM","18"
"Martin Dubravka","NEW","G","Claim","That's Amorim!","Tue Dec 24, 2024, 12:39PM","18"
"Fraser Forster","TOT","G","Drop","That's Amorim!","Tue Dec 24, 2024, 12:39PM","18"
"Djed Spence","TOT","D","Claim","Zirkish De Ligt","Mon Dec 23, 2024, 1:46PM","18"
"Matty Cash","AVL","D","Drop","Zirkish De Ligt","Mon Dec 23, 2024, 1:46PM","18"
"Dango Ouattara","BOU","M,F","Claim","Zirkish De Ligt","Mon Dec 23, 2024, 1:44PM","18"
"Savio","MCI","M,F","Drop","Zirkish De Ligt","Mon Dec 23, 2024, 1:44PM","18"
"Jacob Murphy","NEW","M","Claim","Zirkish De Ligt","Mon Dec 23, 2024, 1:43PM","18"
"Marcus Rashford","AVL","M,F","Drop","Zirkish De Ligt","Mon Dec 23, 2024, 1:43PM","18"
"Valentino Livramento","NEW","D","Claim","We don't talk about Bruno","Mon Dec 23, 2024, 9:00AM","18"
"Ibrahima Konate","LIV","D","Drop","We don't talk about Bruno","Mon Dec 23, 2024, 9:00AM","18"
"Gabriel Jesus","ARS","F","Claim","Tiki Tak","Mon Dec 23, 2024, 9:00AM","18"
"Jorgen Strand Larsen","WOL","F","Drop","Tiki Tak","Mon Dec 23, 2024, 9:00AM","18"
"Moises Caicedo","CHE","M","Claim","We don't talk about Bruno","Mon Dec 23, 2024, 9:00AM","18"
"Lucas Digne","AVL","D","Drop","We don't talk about Bruno","Mon Dec 23, 2024, 9:00AM","18"
"Nikola Milenkovic","NOT","D","Claim","Virgile","Fri Dec 20, 2024, 10:17PM","17"
"Liam Delap","IPS","F","Drop","Virgile","Fri Dec 20, 2024, 10:17PM","17"
"Leif Davis","IPS","D","Claim","Zirkish De Ligt","Fri Dec 20, 2024, 7:50PM","17"
"Ruben Dias","MCI","D","Drop","Zirkish De Ligt","Fri Dec 20, 2024, 7:50PM","17"
"Fabian Schar","NEW","D","Claim","Tiki Tak","Fri Dec 20, 2024, 3:38PM","17"
"Pervis Estupinan","BHA","D","Drop","Tiki Tak","Fri Dec 20, 2024, 3:38PM","17"
"Ashley Young","EVE","D","Claim","That's Amorim!","Fri Dec 20, 2024, 3:03PM","17"
"Kevin Schade","BRF","M","Drop","That's Amorim!","Fri Dec 20, 2024, 3:03PM","17"
"Jadon Sancho","CHE","M,F","Claim","Zirkish De Ligt","Fri Dec 20, 2024, 2:40PM","17"
"Bilal El Khannouss","LEI","M","Drop","Zirkish De Ligt","Fri Dec 20, 2024, 2:40PM","17"
"Jamie Vardy","LEI","F","Claim","Just gimme de Ligt and pass the Rice.","Fri Dec 20, 2024, 9:03AM","17"
"Marcus Tavernier","BOU","M","Drop","Just gimme de Ligt and pass the Rice.","Fri Dec 20, 2024, 9:03AM","17"
"Mark Flekken","BRF","G","Claim","Just gimme de Ligt and pass the Rice.","Fri Dec 20, 2024, 9:00AM","17"
"Nick Pope","NEW","G","Drop","Just gimme de Ligt and pass the Rice.","Fri Dec 20, 2024, 9:00AM","17"
"Matz Sels","NOT","G","Claim","JP","Sat Dec 14, 2024, 5:15AM","16"
"Mark Flekken","BRF","G","Drop","JP","Sat Dec 14, 2024, 5:15AM","16"
"Pervis Estupinan","BHA","D","Claim","Tiki Tak","Fri Dec 13, 2024, 6:42PM","16"
"Riccardo Calafiori","ARS","D","Drop","Tiki Tak","Fri Dec 13, 2024, 6:42PM","16"
"Bilal El Khannouss","LEI","M","Claim","Zirkish De Ligt","Fri Dec 13, 2024, 2:29PM","16"
"Casemiro","MUN","M","Drop","Zirkish De Ligt","Fri Dec 13, 2024, 2:29PM","16"
"Kepa","BOU","G","Claim","Rocksolid FC","Fri Dec 13, 2024, 2:16PM","16"
"Caoimhin Kelleher","LIV","G","Drop","Rocksolid FC","Fri Dec 13, 2024, 2:16PM","16"
"Fraser Forster","TOT","G","Claim","That's Amorim!","Fri Dec 13, 2024, 11:10AM","16"
"Bart Verbruggen","BHA","G","Drop","That's Amorim!","Fri Dec 13, 2024, 11:10AM","16"
"Mateo Kovacic","MCI","M","Claim","That's Amorim!","Fri Dec 13, 2024, 11:04AM","16"
"Moises Caicedo","CHE","M","Drop","That's Amorim!","Fri Dec 13, 2024, 11:04AM","16"
"Matty Cash","AVL","D","Claim","Zirkish De Ligt","Fri Dec 6, 2024, 10:07AM","15"
"Tariq Lamptey","BHA","D","Drop","Zirkish De Ligt","Fri Dec 6, 2024, 10:07AM","15"
"Ruben Dias","MCI","D","Claim","Zirkish De Ligt","Fri Dec 6, 2024, 10:05AM","15"
"Luke Shaw","MUN","D","Drop","Zirkish De Ligt","Fri Dec 6, 2024, 10:05AM","15"
"Leny Yoro","MUN","D","Claim","That's Amorim!","Fri Dec 6, 2024, 9:00AM","15"
"Dara O'Shea","IPS","D","Drop","That's Amorim!","Fri Dec 6, 2024, 9:00AM","15"
"Milos Kerkez","BOU","D","Claim","Tiki Tak","Fri Dec 6, 2024, 9:00AM","15"
"Leif Davis","IPS","D","Drop","Tiki Tak","Fri Dec 6, 2024, 9:00AM","15"
"Ismaila Sarr","CRY","F","Claim","Zirkish De Ligt","Mon Dec 2, 2024, 4:56PM","14"
"Omari Hutchinson","IPS","M,F","Drop","Zirkish De Ligt","Mon Dec 2, 2024, 4:56PM","14"
"Tariq Lamptey","BHA","D","Claim","Zirkish De Ligt","Mon Dec 2, 2024, 4:53PM","14"
"Alex Moreno","NOT","D","Drop","Zirkish De Ligt","Mon Dec 2, 2024, 4:53PM","14"
"Elliot Anderson","NOT","M","Claim","Just gimme de Ligt and pass the Rice.","Mon Dec 2, 2024, 12:06PM","14"
"Jhon Duran","AVL","F","Drop","Just gimme de Ligt and pass the Rice.","Mon Dec 2, 2024, 12:06PM","14"
"Joseph Gomez","LIV","D","Claim","Zirkish De Ligt","Mon Dec 2, 2024, 10:59AM","14"
"Caleb Okoli","LEI","D","Drop","Zirkish De Ligt","Mon Dec 2, 2024, 10:59AM","14"
"Kevin Schade","BRF","M","Claim","That's Amorim!","Mon Dec 2, 2024, 9:00AM","14"
"Matt O'Riley","BHA","M","Drop","That's Amorim!","Mon Dec 2, 2024, 9:00AM","14"
"Marc Cucurella","CHE","D","Claim","Tiki Tak","Mon Dec 2, 2024, 9:00AM","14"
"Pervis Estupinan","BHA","D","Drop","Tiki Tak","Mon Dec 2, 2024, 9:00AM","14"
"Justin Kluivert","BOU","M,F","Claim","That's Amorim!","Mon Dec 2, 2024, 9:00AM","14"
"Mikel Merino","ARS","M","Drop","That's Amorim!","Mon Dec 2, 2024, 9:00AM","14"
"Jorgen Strand Larsen","WOL","F","Claim","Tiki Tak","Mon Dec 2, 2024, 9:00AM","14"
"Georginio Rutter","BHA","M","Drop","Tiki Tak","Mon Dec 2, 2024, 9:00AM","14"
"Pervis Estupinan","BHA","D","Claim","Tiki Tak","Fri Nov 29, 2024, 11:11AM","13"
"Marc Cucurella","CHE","D","Drop","Tiki Tak","Fri Nov 29, 2024, 11:11AM","13"
"Aaron Wan-Bissaka","WHU","D","Claim","Rocksolid FC","Fri Nov 29, 2024, 11:00AM","13"
"Reece James","CHE","D","Drop","Rocksolid FC","Fri Nov 29, 2024, 11:00AM","13"
"Keane Lewis-Potter","BRF","F","Claim","Rocksolid FC","Fri Nov 29, 2024, 10:55AM","13"
"Adama Traore","FUL","F","Drop","Rocksolid FC","Fri Nov 29, 2024, 10:55AM","13"
"Riccardo Calafiori","ARS","D","Claim","Tiki Tak","Fri Nov 29, 2024, 10:34AM","13"
"Rayan Ait-Nouri","WOL","D","Drop","Tiki Tak","Fri Nov 29, 2024, 10:34AM","13"
"Luke Shaw","MUN","D","Claim","Zirkish De Ligt","Fri Nov 29, 2024, 10:29AM","13"
"Micky van de Ven","TOT","D","Drop","Zirkish De Ligt","Fri Nov 29, 2024, 10:29AM","13"
"Caleb Okoli","LEI","D","Claim","Zirkish De Ligt","Fri Nov 29, 2024, 10:28AM","13"
"Leny Yoro","MUN","D","Drop","Zirkish De Ligt","Fri Nov 29, 2024, 10:28AM","13"
"James Tarkowski","EVE","D","Claim","Just gimme de Ligt and pass the Rice.","Fri Nov 29, 2024, 9:02AM","13"
"Joshua Zirkzee","MUN","F","Drop","Just gimme de Ligt and pass the Rice.","Fri Nov 29, 2024, 9:02AM","13"
"Enzo Fernandez","CHE","M","Claim","That's Amorim!","Fri Nov 29, 2024, 9:00AM","13"
"Wilfred Ndidi","LEI","M","Drop","That's Amorim!","Fri Nov 29, 2024, 9:00AM","13"
"Mason Mount","MUN","M","Claim","JP","Fri Nov 29, 2024, 9:00AM","13"
"Lucas Paqueta","WHU","M","Drop","JP","Fri Nov 29, 2024, 9:00AM","13"
"Thomas Partey","ARS","M","Claim","Just gimme de Ligt and pass the Rice.","Fri Nov 29, 2024, 9:00AM","13"
"Mateo Kovacic","MCI","M","Drop","Just gimme de Ligt and pass the Rice.","Fri Nov 29, 2024, 9:00AM","13"
"Liam Delap","IPS","F","Claim","Virgile","Fri Nov 29, 2024, 9:00AM","13"
"Carlos Baleba","BHA","M","Drop","Virgile","Fri Nov 29, 2024, 9:00AM","13"
"Marc Cucurella","CHE","D","Claim","Tiki Tak","Fri Nov 22, 2024, 8:29AM","12"
"Ezri Konsa","AVL","D","Drop","Tiki Tak","Fri Nov 22, 2024, 8:29AM","12"
"Ezri Konsa","AVL","D","Claim","Tiki Tak","Thu Nov 21, 2024, 9:18PM","12"
"Matheus Nunes","MCI","M","Drop","Tiki Tak","Thu Nov 21, 2024, 9:18PM","12"
"Leny Yoro","MUN","D","Claim","Zirkish De Ligt","Tue Nov 19, 2024, 10:48PM","12"
"Konstantinos Mavropanos","WHU","D","Drop","Zirkish De Ligt","Tue Nov 19, 2024, 10:48PM","12"
"Francisco Evanilson de Lima Barbosa","BOU","F","Claim","Tiki Tak","Tue Nov 19, 2024, 8:15AM","12"
"Jorgen Strand Larsen","WOL","F","Drop","Tiki Tak","Tue Nov 19, 2024, 8:15AM","12"
"Murillo","NOT","D","Claim","Virgile","Tue Nov 19, 2024, 7:49AM","12"
"Ben White","ARS","D","Drop","Virgile","Tue Nov 19, 2024, 7:49AM","12"
"Matt O'Riley","BHA","M","Claim","That's Amorim!","Fri Nov 15, 2024, 9:00AM","12"
"Elliot Anderson","NOT","M","Drop","That's Amorim!","Fri Nov 15, 2024, 9:00AM","12"
"Mark Flekken","BRF","G","Claim","JP","Fri Nov 15, 2024, 9:00AM","12"
"Guglielmo Vicario","TOT","G","Drop","JP","Fri Nov 15, 2024, 9:00AM","12"
"Taylor Harwood-Bellis","SOU","D","Claim","Just gimme de Ligt and pass the Rice.","Fri Nov 8, 2024, 11:35AM","11"
"Ezri Konsa","AVL","D","Drop","Just gimme de Ligt and pass the Rice.","Fri Nov 8, 2024, 11:35AM","11"
"Elliot Anderson","NOT","M","Claim","That's Amorim!","Fri Nov 8, 2024, 10:34AM","11"
"Stephy Mavididi","LEI","M,F","Drop","That's Amorim!","Fri Nov 8, 2024, 10:34AM","11"
"Trevoh Chalobah","CHE","D","Claim","That's Amorim!","Fri Nov 8, 2024, 9:00AM","11"
"Marc Cucurella","CHE","D","Drop","That's Amorim!","Fri Nov 8, 2024, 9:00AM","11"
"Caoimhin Kelleher","LIV","G","Claim","Rocksolid FC","Fri Nov 1, 2024, 12:20PM","10"
"Mads Hermansen","LEI","G","Drop","Rocksolid FC","Fri Nov 1, 2024, 12:20PM","10"
"Carlos Baleba","BHA","M","Claim","Virgile","Fri Nov 1, 2024, 10:01AM","10"
"Yankuba Minteh","BHA","M,F","Drop","Virgile","Fri Nov 1, 2024, 10:01AM","10"
"Rayan Ait-Nouri","WOL","D","Claim","Tiki Tak","Fri Nov 1, 2024, 9:00AM","10"
"Riccardo Calafiori","ARS","D","Drop","Tiki Tak","Fri Nov 1, 2024, 9:00AM","10"
"Matheus Nunes","MCI","M","Claim","Tiki Tak","Fri Nov 1, 2024, 9:00AM","10"
"Francisco Evanilson de Lima Barbosa","BOU","F","Drop","Tiki Tak","Fri Nov 1, 2024, 9:00AM","10"
"Wout Faes","LEI","D","Claim","Just gimme de Ligt and pass the Rice.","Fri Nov 1, 2024, 9:00AM","10"
"Alexis Mac Allister","LIV","M","Drop","Just gimme de Ligt and pass the Rice.","Fri Nov 1, 2024, 9:00AM","10"
"Jorgen Strand Larsen","WOL","F","Claim","Tiki Tak","Fri Nov 1, 2024, 9:00AM","10"
"Liam Delap","IPS","F","Drop","Tiki Tak","Fri Nov 1, 2024, 9:00AM","10"
"Mikel Merino","ARS","M","Claim","That's Amorim!","Fri Nov 1, 2024, 9:00AM","10"
"Kobbie Mainoo","MUN","M","Drop","That's Amorim!","Fri Nov 1, 2024, 9:00AM","10"
"Reece James","CHE","D","Claim","Rocksolid FC","Fri Nov 1, 2024, 9:00AM","10"
"Tyrick Mitchell","CRY","D","Drop","Rocksolid FC","Fri Nov 1, 2024, 9:00AM","10"
"Mikkel Damsgaard","BRF","M","Claim","Just gimme de Ligt and pass the Rice.","Fri Nov 1, 2024, 9:00AM","10"
"Enzo Fernandez","CHE","M","Drop","Just gimme de Ligt and pass the Rice.","Fri Nov 1, 2024, 9:00AM","10"
"Harvey Barnes","NEW","M","Claim","Virgile","Fri Oct 18, 2024, 12:24PM","8"
"Eddie Nketiah","CRY","F","Drop","Virgile","Fri Oct 18, 2024, 12:24PM","8"
"Iliman Ndiaye","EVE","F","Claim","Virgile","Fri Oct 18, 2024, 7:50AM","8"
"Jack Hinshelwood","BHA","M","Drop","Virgile","Fri Oct 18, 2024, 7:50AM","8"
"Ethan Pinnock","BRF","D","Claim","Virgile","Fri Oct 18, 2024, 7:47AM","8"
"Destiny Udogie","TOT","D","Drop","Virgile","Fri Oct 18, 2024, 7:47AM","8"
"Omari Hutchinson","IPS","M,F","Claim","Zirkish De Ligt","Thu Oct 17, 2024, 1:50PM","8"
"Manuel Ugarte","MUN","M","Drop","Zirkish De Ligt","Thu Oct 17, 2024, 1:50PM","8"
"Alex Moreno","NOT","D","Claim","Zirkish De Ligt","Thu Oct 17, 2024, 1:23PM","8"
"Yukinari Sugawara","SOU","D","Drop","Zirkish De Ligt","Thu Oct 17, 2024, 1:23PM","8"
"Yoane Wissa","BRF","M","Claim","Tiki Tak","Thu Oct 17, 2024, 11:53AM","8"
"Harvey Barnes","NEW","M","Drop","Tiki Tak","Thu Oct 17, 2024, 11:53AM","8"
"Mads Hermansen","LEI","G","Claim","Rocksolid FC","Mon Oct 14, 2024, 11:59PM","8"
"Kepa","BOU","G","Drop","Rocksolid FC","Mon Oct 14, 2024, 11:59PM","8"
"Georginio Rutter","BHA","M","Claim","Tiki Tak","Fri Oct 11, 2024, 9:00AM","8"
"Jadon Sancho","CHE","M,F","Drop","Tiki Tak","Fri Oct 11, 2024, 9:00AM","8"
"Liam Delap","IPS","F","Claim","Tiki Tak","Fri Oct 11, 2024, 9:00AM","8"
"Jorgen Strand Larsen","WOL","F","Drop","Tiki Tak","Fri Oct 11, 2024, 9:00AM","8"
"Facundo Buonanotte","LEI","M","Claim","That's Amorim!","Fri Oct 11, 2024, 9:00AM","8"
"James Ward-Prowse","WHU","M","Drop","That's Amorim!","Fri Oct 11, 2024, 9:00AM","8"
"Stephy Mavididi","LEI","M,F","Claim","That's Amorim!","Fri Oct 4, 2024, 9:26AM","7"
"Joelinton","NEW","F","Drop","That's Amorim!","Fri Oct 4, 2024, 9:26AM","7"
"James Ward-Prowse","WHU","M","Claim","That's Amorim!","Fri Oct 4, 2024, 9:23AM","7"
"Federico Chiesa","LIV","M,F","Drop","That's Amorim!","Fri Oct 4, 2024, 9:23AM","7"
"James Justin","LEI","D","Claim","Zirkish De Ligt","Fri Oct 4, 2024, 9:11AM","7"
"James Tarkowski","EVE","D","Drop","Zirkish De Ligt","Fri Oct 4, 2024, 9:11AM","7"
"Francisco Evanilson de Lima Barbosa","BOU","F","Claim","Tiki Tak","Fri Oct 4, 2024, 9:00AM","7"
"Jean-Philippe Mateta","CRY","F","Drop","Tiki Tak","Fri Oct 4, 2024, 9:00AM","7"
"Riccardo Calafiori","ARS","D","Claim","Tiki Tak","Fri Oct 4, 2024, 9:00AM","7"
"Daniel Munoz","CRY","D","Drop","Tiki Tak","Fri Oct 4, 2024, 9:00AM","7"
"Guglielmo Vicario","TOT","G","Claim","JP","Fri Oct 4, 2024, 9:00AM","7"
"Dean Henderson","CRY","G","Drop","JP","Fri Oct 4, 2024, 9:00AM","7"
"Jack Hinshelwood","BHA","M","Claim","Virgile","Fri Sep 27, 2024, 11:34AM","6"
"Francisco Evanilson de Lima Barbosa","BOU","F","Drop","Virgile","Fri Sep 27, 2024, 11:34AM","6"
"Moises Caicedo","CHE","M","Claim","That's Amorim!","Fri Sep 27, 2024, 10:16AM","6"
"Yves Bissouma","TOT","M","Drop","That's Amorim!","Fri Sep 27, 2024, 10:16AM","6"
"Wilfred Ndidi","LEI","M","Claim","That's Amorim!","Fri Sep 27, 2024, 10:16AM","6"
"Simon Adingra","BHA","M,F","Drop","That's Amorim!","Fri Sep 27, 2024, 10:16AM","6"
"Tyrick Mitchell","CRY","D","Claim","Rocksolid FC","Fri Sep 27, 2024, 9:25AM","6"
"Valentino Livramento","NEW","D","Drop","Rocksolid FC","Fri Sep 27, 2024, 9:25AM","6"
"Kepa","BOU","G","Claim","Rocksolid FC","Fri Sep 27, 2024, 9:23AM","6"
"Bernd Leno","FUL","G","Drop","Rocksolid FC","Fri Sep 27, 2024, 9:23AM","6"
"Ryan Gravenberch","LIV","M","Claim","Just gimme de Ligt and pass the Rice.","Fri Sep 27, 2024, 9:03AM","6"
"James Ward-Prowse","WHU","M","Drop","Just gimme de Ligt and pass the Rice.","Fri Sep 27, 2024, 9:03AM","6"
"Daniel Munoz","CRY","D","Claim","Tiki Tak","Fri Sep 27, 2024, 9:00AM","6"
"Jacob Greaves","IPS","D","Drop","Tiki Tak","Fri Sep 27, 2024, 9:00AM","6"
"Raul Jimenez","FUL","F","Claim","Tiki Tak","Fri Sep 27, 2024, 9:00AM","6"
"Rodri","MCI","M","Drop","Tiki Tak","Fri Sep 27, 2024, 9:00AM","6"
"Jadon Sancho","CHE","M,F","Claim","Tiki Tak","Fri Sep 27, 2024, 9:00AM","6"
"Jamie Vardy","LEI","F","Drop","Tiki Tak","Fri Sep 27, 2024, 9:00AM","6"
"Jamie Vardy","LEI","F","Claim","Tiki Tak","Fri Sep 20, 2024, 9:55PM","5"
"Mikel Merino","ARS","M","Drop","Tiki Tak","Fri Sep 20, 2024, 9:55PM","5"
"Jacob Greaves","IPS","D","Claim","Tiki Tak","Fri Sep 20, 2024, 9:53PM","5"
"Ruben Dias","MCI","D","Drop","Tiki Tak","Fri Sep 20, 2024, 9:53PM","5"
"Gabriel Martinelli","ARS","M,F","Claim","Virgile","Fri Sep 20, 2024, 9:30AM","5"
"Leon Bailey","AVL","M","Drop","Virgile","Fri Sep 20, 2024, 9:30AM","5"
"Manuel Ugarte","MUN","M","Claim","Zirkish De Ligt","Fri Sep 20, 2024, 9:24AM","5"
"Omari Hutchinson","IPS","M,F","Drop","Zirkish De Ligt","Fri Sep 20, 2024, 9:24AM","5"
"Leif Davis","IPS","D","Claim","Tiki Tak","Fri Sep 20, 2024, 9:02AM","5"
"Daniel Munoz","CRY","D","Drop","Tiki Tak","Fri Sep 20, 2024, 9:02AM","5"
"Federico Chiesa","LIV","M,F","Claim","That's Amorim!","Fri Sep 20, 2024, 9:00AM","5"
"Yoane Wissa","BRF","M","Drop","That's Amorim!","Fri Sep 20, 2024, 9:00AM","5"
"Jorgen Strand Larsen","WOL","F","Claim","Tiki Tak","Fri Sep 20, 2024, 9:00AM","5"
"Rodrigo Muniz","FUL","F","Drop","Tiki Tak","Fri Sep 20, 2024, 9:00AM","5"
"Robert Sanchez","CHE","G","Claim","Virgile","Fri Sep 20, 2024, 9:00AM","5"
"Guglielmo Vicario","TOT","G","Drop","Virgile","Fri Sep 20, 2024, 9:00AM","5"
"Dara O'Shea","IPS","D","Claim","That's Amorim!","Fri Sep 20, 2024, 9:00AM","5"
"Neco Williams","NOT","D","Drop","That's Amorim!","Fri Sep 20, 2024, 9:00AM","5"
"Mario Lemina","WOL","M","Claim","Rocksolid FC","Fri Sep 20, 2024, 9:00AM","5"
"Pedro Neto","CHE","M","Drop","Rocksolid FC","Fri Sep 20, 2024, 9:00AM","5"
"Lucas Digne","AVL","D","Claim","We don't talk about Bruno","Fri Sep 20, 2024, 9:00AM","5"
"Ian Maatsen","AVL","D","Drop","We don't talk about Bruno","Fri Sep 20, 2024, 9:00AM","5"
"Ola Aina","NOT","D","Claim","We don't talk about Bruno","Sat Sep 14, 2024, 3:37AM","4"
"Riccardo Calafiori","ARS","D","Drop","We don't talk about Bruno","Sat Sep 14, 2024, 3:37AM","4"
"Adama Traore","FUL","F","Claim","Rocksolid FC","Fri Sep 13, 2024, 10:51PM","4"
"Niclas Füllkrug","WHU","F","Drop","Rocksolid FC","Fri Sep 13, 2024, 10:51PM","4"
"Mateo Kovacic","MCI","M","Claim","Just gimme de Ligt and pass the Rice.","Fri Sep 13, 2024, 9:44PM","4"
"Christopher Nkunku","CHE","M,F","Drop","Just gimme de Ligt and pass the Rice.","Fri Sep 13, 2024, 9:44PM","4"
"Harvey Barnes","NEW","M","Claim","Tiki Tak","Fri Sep 13, 2024, 8:57PM","4"
"João Félix","CHE","M,F","Drop","Tiki Tak","Fri Sep 13, 2024, 8:57PM","4"
"Daniel Munoz","CRY","D","Claim","Tiki Tak","Fri Sep 13, 2024, 8:52PM","4"
"Joachim Andersen","FUL","D","Drop","Tiki Tak","Fri Sep 13, 2024, 8:52PM","4"
"Dominic Calvert-Lewin","EVE","F","Claim","Jared","Fri Sep 13, 2024, 1:40PM","4"
"Kyle Walker","MCI","D","Drop","Jared","Fri Sep 13, 2024, 1:40PM","4"
"Bart Verbruggen","BHA","G","Claim","That's Amorim!","Tue Sep 10, 2024, 2:59PM","4"
"Jordan Pickford","EVE","G","Drop","That's Amorim!","Tue Sep 10, 2024, 2:59PM","4"
"Valentino Livramento","NEW","D","Claim","Rocksolid FC","Fri Sep 6, 2024, 11:07PM","4"
"Daniel Munoz","CRY","D","Drop","Rocksolid FC","Fri Sep 6, 2024, 11:07PM","4"
"Konstantinos Mavropanos","WHU","D","Claim","Zirkish De Ligt","Fri Sep 6, 2024, 2:22PM","4"
"Willy Boly","NOT","D","Drop","Zirkish De Ligt","Fri Sep 6, 2024, 2:22PM","4"
"Omari Hutchinson","IPS","M,F","Claim","Zirkish De Ligt","Fri Sep 6, 2024, 2:20PM","4"
"Gabriel Martinelli","ARS","M,F","Drop","Zirkish De Ligt","Fri Sep 6, 2024, 2:20PM","4"
"Yukinari Sugawara","SOU","D","Claim","Zirkish De Ligt","Fri Sep 6, 2024, 9:36AM","4"
"Ethan Pinnock","BRF","D","Drop","Zirkish De Ligt","Fri Sep 6, 2024, 9:36AM","4"
"Dean Henderson","CRY","G","Claim","JP","Fri Sep 6, 2024, 9:00AM","4"
"Alphonse Areola","WHU","G","Drop","JP","Fri Sep 6, 2024, 9:00AM","4"
"Bernd Leno","FUL","G","Claim","Rocksolid FC","Sat Aug 31, 2024, 2:38AM","3"
"Neto","ARS","G","Drop","Rocksolid FC","Sat Aug 31, 2024, 2:38AM","3"
"Neco Williams","NOT","D","Claim","That's Amorim!","Fri Aug 30, 2024, 4:07PM","3"
"Aaron Wan-Bissaka","WHU","D","Drop","That's Amorim!","Fri Aug 30, 2024, 4:07PM","3"
"Yves Bissouma","TOT","M","Claim","That's Amorim!","Fri Aug 30, 2024, 4:06PM","3"
"Mateo Kovacic","MCI","M","Drop","That's Amorim!","Fri Aug 30, 2024, 4:06PM","3"
"Alex Iwobi","FUL","F","Claim","That's Amorim!","Fri Aug 30, 2024, 4:05PM","3"
"Dominic Calvert-Lewin","EVE","F","Drop","That's Amorim!","Fri Aug 30, 2024, 4:05PM","3"
"Levi Colwill","CHE","D","Claim","We don't talk about Bruno","Fri Aug 30, 2024, 9:48AM","3"
"Marc Guiu","CHE","F","Drop","We don't talk about Bruno","Fri Aug 30, 2024, 9:48AM","3"
"Marcus Tavernier","BOU","M","Claim","Just gimme de Ligt and pass the Rice.","Fri Aug 30, 2024, 9:05AM","3"
"Mason Mount","MUN","M","Drop","Just gimme de Ligt and pass the Rice.","Fri Aug 30, 2024, 9:05AM","3"
"Neto","ARS","G","Claim","Rocksolid FC","Fri Aug 30, 2024, 9:04AM","3"
"Mads Hermansen","LEI","G","Drop","Rocksolid FC","Fri Aug 30, 2024, 9:04AM","3"
"Nathan Collins","BRF","D","Claim","Rocksolid FC","Fri Aug 30, 2024, 9:03AM","3"
"Fabian Schar","NEW","D","Drop","Rocksolid FC","Fri Aug 30, 2024, 9:03AM","3"
"Joachim Andersen","FUL","D","Claim","Tiki Tak","Fri Aug 30, 2024, 9:00AM","3"
"Valentino Livramento","NEW","D","Drop","Tiki Tak","Fri Aug 30, 2024, 9:00AM","3"
"Alphonse Areola","WHU","G","Claim","JP","Fri Aug 30, 2024, 9:00AM","3"
"Mark Flekken","BRF","G","Drop","JP","Fri Aug 30, 2024, 9:00AM","3"
"Morgan Gibbs-White","NOT","M","Claim","Tiki Tak","Fri Aug 30, 2024, 9:00AM","3"
"Jacob Murphy","NEW","M","Drop","Tiki Tak","Fri Aug 30, 2024, 9:00AM","3"
"Eddie Nketiah","CRY","F","Claim","Virgile","Fri Aug 30, 2024, 9:00AM","3"
"Ben Brereton","SOU","F","Drop","Virgile","Fri Aug 30, 2024, 9:00AM","3"
"Leandro Trossard","ARS","M,F","Claim","Jared","Fri Aug 30, 2024, 9:00AM","3"
"Jamie Vardy","LEI","F","Drop","Jared","Fri Aug 30, 2024, 9:00AM","3"
"Danny Welbeck","BHA","F","Claim","JP","Fri Aug 30, 2024, 9:00AM","3"
"Harvey Elliott","LIV","M","Drop","JP","Fri Aug 30, 2024, 9:00AM","3"
"Mikel Merino","ARS","M","Claim","Tiki Tak","Fri Aug 30, 2024, 9:00AM","3"
"Daichi Kamada","CRY","M","Drop","Tiki Tak","Fri Aug 30, 2024, 9:00AM","3"
"Chris Wood","NOT","F","Claim","Zirkish De Ligt","Fri Aug 23, 2024, 7:46PM","2"
"Ismaila Sarr","CRY","F","Drop","Zirkish De Ligt","Fri Aug 23, 2024, 7:46PM","2"
"Casemiro","MUN","M","Claim","Zirkish De Ligt","Fri Aug 23, 2024, 7:44PM","2"
"Stephy Mavididi","LEI","M,F","Drop","Zirkish De Ligt","Fri Aug 23, 2024, 7:44PM","2"
"Willy Boly","NOT","D","Claim","Zirkish De Ligt","Fri Aug 23, 2024, 7:43PM","2"
"Kieran Trippier","NEW","D","Drop","Zirkish De Ligt","Fri Aug 23, 2024, 7:43PM","2"
"Victor Kristiansen","LEI","D","Claim","That's Amorim!","Fri Aug 23, 2024, 1:07PM","2"
"Luke Shaw","MUN","D","Drop","That's Amorim!","Fri Aug 23, 2024, 1:07PM","2"
"Joel Veltman","BHA","D","Claim","We don't talk about Bruno","Fri Aug 23, 2024, 11:50AM","2"
"Reece James","CHE","D","Drop","We don't talk about Bruno","Fri Aug 23, 2024, 11:50AM","2"
"Yankuba Minteh","BHA","M,F","Claim","Virgile","Fri Aug 23, 2024, 9:57AM","2"
"Solly March","BHA","M","Drop","Virgile","Fri Aug 23, 2024, 9:57AM","2"
"Mads Hermansen","LEI","G","Claim","Rocksolid FC","Fri Aug 23, 2024, 9:04AM","2"
"Alphonse Areola","WHU","G","Drop","Rocksolid FC","Fri Aug 23, 2024, 9:04AM","2"
"Jamie Vardy","LEI","F","Claim","Jared","Fri Aug 23, 2024, 9:03AM","2"
"Ivan Toney","BRF","F","Drop","Jared","Fri Aug 23, 2024, 9:03AM","2"
"Valentino Livramento","NEW","D","Claim","Tiki Tak","Fri Aug 23, 2024, 9:02AM","2"
"Dan Burn","NEW","D","Drop","Tiki Tak","Fri Aug 23, 2024, 9:02AM","2"
"Antonee Robinson","FUL","D","Claim","Tiki Tak","Fri Aug 23, 2024, 9:02AM","2"
"Leif Davis","IPS","D","Drop","Tiki Tak","Fri Aug 23, 2024, 9:02AM","2"
"João Félix","CHE","M,F","Claim","Tiki Tak","Fri Aug 23, 2024, 9:02AM","2"
"Valentin Barco","BHA","D","Drop","Tiki Tak","Fri Aug 23, 2024, 9:02AM","2"
"Mateo Kovacic","MCI","M","Claim","That's Amorim!","Fri Aug 23, 2024, 9:00AM","2"
"Leandro Trossard","ARS","M,F","Drop","That's Amorim!","Fri Aug 23, 2024, 9:00AM","2"
"Noussair Mazraoui","MUN","D","Claim","Virgile","Fri Aug 23, 2024, 9:00AM","2"
"Joachim Andersen","FUL","D","Drop","Virgile","Fri Aug 23, 2024, 9:00AM","2"
"Yoane Wissa","BRF","M","Claim","That's Amorim!","Fri Aug 23, 2024, 9:00AM","2"
"Callum Wilson","NEW","F","Drop","That's Amorim!","Fri Aug 23, 2024, 9:00AM","2"
"Jhon Duran","AVL","F","Claim","Just gimme de Ligt and pass the Rice.","Fri Aug 23, 2024, 9:00AM","2"
"Calvin Bassey","FUL","D","Drop","Just gimme de Ligt and pass the Rice.","Fri Aug 23, 2024, 9:00AM","2"
"Francisco Evanilson de Lima Barbosa","BOU","F","Claim","Virgile","Fri Aug 23, 2024, 9:00AM","2"
"Morgan Gibbs-White","NOT","M","Drop","Virgile","Fri Aug 23, 2024, 9:00AM","2"
"Rico Lewis","MCI","D","Claim","Jared","Fri Aug 23, 2024, 9:00AM","2"
"Raheem Sterling","ARS","M,F","Drop","Jared","Fri Aug 23, 2024, 9:00AM","2"
"Joelinton","NEW","F","Claim","That's Amorim!","Fri Aug 23, 2024, 9:00AM","2"
"Gabriel Jesus","ARS","F","Drop","That's Amorim!","Fri Aug 23, 2024, 9:00AM","2"
"Alphonse Areola","WHU","G","Claim","Rocksolid FC","Fri Aug 16, 2024, 11:28AM","1"
"Jose Sa","WOL","G","Drop","Rocksolid FC","Fri Aug 16, 2024, 11:28AM","1"
"Niclas Füllkrug","WHU","F","Claim","Rocksolid FC","Fri Aug 16, 2024, 9:01AM","1"
"Conor Gallagher","CHE","M","Drop","Rocksolid FC","Fri Aug 16, 2024, 9:01AM","1"
"Matthijs de Ligt","MUN","D","Claim","Just gimme de Ligt and pass the Rice.","Fri Aug 16, 2024, 9:00AM","1"
"Timo Werner","TOT","F","Drop","Just gimme de Ligt and pass the Rice.","Fri Aug 16, 2024, 9:00AM","1"
"Jacob Murphy","NEW","M","Claim","Tiki Tak","Fri Aug 16, 2024, 8:36AM","1"
"Niclas Füllkrug","WHU","F","Drop","Tiki Tak","Fri Aug 16, 2024, 8:36AM","1"
"Lewis Hall","NEW","D,M","Claim","Virgile","Thu Aug 15, 2024, 4:43AM","1"
"Antonee Robinson","FUL","D","Drop","Virgile","Thu Aug 15, 2024, 4:43AM","1"
"Valentin Barco","BHA","D","Claim","Tiki Tak","Tue Aug 13, 2024, 8:25PM","1"
"Jack Grealish","MCI","M","Drop","Tiki Tak","Tue Aug 13, 2024, 8:25PM","1"
"Dan Burn","NEW","D","Claim","Tiki Tak","Tue Aug 13, 2024, 8:24PM","1"
"John Stones","MCI","D","Drop","Tiki Tak","Tue Aug 13, 2024, 8:24PM","1"
"Aaron Wan-Bissaka","WHU","D","Claim","That's Amorim!","Tue Aug 13, 2024, 1:39PM","1"
"Pervis Estupinan","BHA","D","Drop","That's Amorim!","Tue Aug 13, 2024, 1:39PM","1"
"Destiny Udogie","TOT","D","Claim","Virgile","Tue Aug 13, 2024, 2:34AM","1"
"Jarrad Branthwaite","EVE","D","Drop","Virgile","Tue Aug 13, 2024, 2:34AM","1"
"Ismaila Sarr","CRY","F","Claim","Zirkish De Ligt","Mon Aug 12, 2024, 8:17PM","1"
"Julian Alvarez","MCI","F","Drop","Zirkish De Ligt","Mon Aug 12, 2024, 8:17PM","1"
"Harvey Elliott","LIV","M","Claim","JP","Sat Aug 10, 2024, 11:10AM","1"
"Julio Enciso","IPS","M,F","Drop","JP","Sat Aug 10, 2024, 11:10AM","1"
"Niclas Füllkrug","WHU","F","Claim","Tiki Tak","Fri Aug 9, 2024, 10:02AM","1"
"Oscar Bobb","MCI","M","Drop","Tiki Tak","Fri Aug 9, 2024, 10:02AM","1"
"Ben Brereton","SOU","F","Claim","Virgile","Sun Aug 4, 2024, 3:22AM","1"
"Ryan Christie","BOU","M","Drop","Virgile","Sun Aug 4, 2024, 3:22AM","1"
"Oscar Bobb","MCI","M","Claim","Tiki Tak","Sat Aug 3, 2024, 5:07PM","1"
"Max Kilman","WHU","D","Drop","Tiki Tak","Sat Aug 3, 2024, 5:07PM","1"
"Youri Tielemans","AVL","M","Claim","Rocksolid FC","Sat Aug 3, 2024, 6:14AM","1"
"Ross Barkley","AVL","M","Drop","Rocksolid FC","Sat Aug 3, 2024, 6:14AM","1"
"Jan-Paul van Hecke","BHA","D","Claim","Rocksolid FC","Sat Aug 3, 2024, 6:12AM","1"
"Marcus Tavernier","BOU","M","Drop","Rocksolid FC","Sat Aug 3, 2024, 6:12AM","1"
"Mark Flekken","BRF","G","Claim","JP","Fri Aug 2, 2024, 8:55PM","1"
"Harvey Elliott","LIV","M","Drop","JP","Fri Aug 2, 2024, 8:55PM","1"
